enota,okraj,id,naslov
VE 4000 - LJUBLJANA BEŽIGRAD,VO 4004 - IVANČNA GORICA,1,"ZADRUŽNI HRAM I., C. 2. grupe odr. 17, Iv. Gorica"
VE 4000 - LJUBLJANA BEŽIGRAD,VO 4004 - IVANČNA GORICA,2,"ZADRUŽNI HRAM II., C. 2.grupe odr. 17, Iv. Gorica"
VE 4000 - LJUBLJANA BEŽIGRAD,VO 4004 - IVANČNA GORICA,3,"ZD IV. GORICA, C. 2.grupe odr. 16a, Iv. Gorica"
VE 5000 - CELJE,VO 5004 - ŽALEC 1,6,"OŠ Šempeter Volišče I, Šolska 2, Šempeter v S.d."
VE 5000 - CELJE,VO 5004 - ŽALEC 1,7,"OŠ Šempeter, Volišče II, Šolska 2, Šempeter v S.d"
VE 5000 - CELJE,VO 5005 - ŽALEC 2,10,"Vrtec Pongrac, Pongrac 95b"
VE 5000 - CELJE,VO 5006 - MOZIRJE,2,"Galerija Štekl, Gornji Grad, Attemsov trg 2"
VE 5000 - CELJE,VO 5006 - MOZIRJE,13,"Upravni center Mozirje, Mozirje, Šmihelska c. 2"
VE 5000 - CELJE,VO 5006 - MOZIRJE,23,"DK Nazarje, Nazarje, Savinjska c. 2"
VE 5000 - CELJE,VO 5007 - VELENJE 1,8,"Prostori MČ LBZ, Cesta F. Foita 2"
VE 5000 - CELJE,VO 5007 - VELENJE 1,11,"Selo, PE Jakopec, Kosovelova 16"
VE 5000 - CELJE,VO 5008 - VELENJE 2,11,"KS Skorno-Florjan, Skorno pri Š. 55a"
VE 5000 - CELJE,VO 5008 - VELENJE 2,12,"Gostišče Acman, Skorno pri Š. 62a"
VE 5000 - CELJE,VO 5009 - SLOVENJ GRADEC,20,"PGD Šmartno, Šmartno pri Slov. Gradcu 70"
VE 5000 - CELJE,VO 5010 - RAVNE NA KOROŠKEM,10,"Pri Karničniku v Jazbini, Jazbina 13, Črna na K."
VE 5000 - CELJE,VO 5010 - RAVNE NA KOROŠKEM,15,"Oš Koroški jeklarji 1, Javornik 35, Ravne na K."
VE 5000 - CELJE,VO 5010 - RAVNE NA KOROŠKEM,16,"Oš Koroški jeklarji 2, Javornik 35, Ravne na K."
VE 5000 - CELJE,VO 5010 - RAVNE NA KOROŠKEM,21,"Čistilna naprava Ravne, Dobrije 9a, Ravne na Kor."
VE 5000 - CELJE,VO 5010 - RAVNE NA KOROŠKEM,22,"Kmetija Ajnžik, Tolsti Vrh p. R. na K. - del 49"
VE 5000 - CELJE,VO 5010 - RAVNE NA KOROŠKEM,25,"Dobja vas - MPIK1, Dobja vas 185, Ravne na Kor."
VE 5000 - CELJE,VO 5011 - RADLJE,8,"Jamnik Otiški Vrh, Otiški Vrh 56, Šentjanž pri Dr"
VE 5000 - CELJE,VO 5011 - RADLJE,9,"Župnišče Šempeter, Otiški Vrh 92, Šentjanž pri Dr"
VE 5000 - CELJE,VO 5011 - RADLJE,23,"OŠ Ribnica na Pohorju, Ribnica na Poh. 29"
VE 5000 - CELJE,VO 5011 - RADLJE,30,"KS Sv. Anton na Pohorju, Sv. Anton na Poh. 59"
VE 5000 - CELJE,VO 5011 - RADLJE,36,"DK Sv. Primož na Pohorju, Sv.Primož na Poh. 22"
VE 6000 - NOVO MESTO,VO 6002 - NOVO MESTO 1,5,"KD Gomile, Gomile 10, 8321 Brusnice"
VE 6000 - NOVO MESTO,VO 6002 - NOVO MESTO 1,24,"GD Soteska, Soteska 38,8351 Straža pri Novem mest"
VE 6000 - NOVO MESTO,VO 6002 - NOVO MESTO 1,53,"GD Šmihel pri Žužemberku, Šm. pri  Žužemberku 38"
VE 6000 - NOVO MESTO,VO 6005 - BREŽICE,35,"GD Cerklje, Cerklje ob K. 56, 8263 Cerklje ob K."
VE 6000 - NOVO MESTO,VO 6005 - BREŽICE,36,"OŠ Cerklje, Cerklje ob K. 3, 8263 Cerklje ob K."
VE 6000 - NOVO MESTO,VO 6005 - BREŽICE,37,"Nek. OŠ Bušeča v., Bušeča v.38,8263 Cerklje ob K."
VE 6000 - NOVO MESTO,VO 6005 - BREŽICE,38,"GD D.Pirošica, D.Pirošica 4a, 8263 Cerklje ob K."
VE 6000 - NOVO MESTO,VO 6005 - BREŽICE,44,"Nek. OŠ Mrzlava vas, Mrzlava v. 21a,8262 Krška v."
VE 6000 - NOVO MESTO,VO 6007 - SEVNICA,15,"GD Breg, Šentjur na Polju 18 A"
VE 6000 - NOVO MESTO,VO 6007 - SEVNICA,36,"GD Zabukovje nad Sevnico, Zabukovje nad S. 16 D"
VE 6000 - NOVO MESTO,VO 6007 - SEVNICA,38,"Podgorje - Janez Podlesnik, Podgorje ob S. 17 B"
VE 6000 - NOVO MESTO,VO 6009 - LITIJA,8,"ZD Litija, Partizanska p. 8a"
VE 6000 - NOVO MESTO,VO 6009 - LITIJA,17,"DK Konjšica, Konjšica - del 14"
VE 6000 - NOVO MESTO,VO 6009 - LITIJA,22,"GD Štangarske Poljane, Štang. Poljane 1a"
VE 6000 - NOVO MESTO,VO 6010 - HRASTNIK-TRBOVLJE,2,"DRUŠTVO UPOKOJENCEV HRASTNIK, N.A. Kaple 6a"
VE 6000 - NOVO MESTO,VO 6010 - HRASTNIK-TRBOVLJE,22,"Delavski Dom Trbovlje, Trg svobode 11a, avla doma"
VE 6000 - NOVO MESTO,VO 6010 - HRASTNIK-TRBOVLJE,25,"Dom upokojencev Franc Salamon, Kol.1.maja 21"
VE 6000 - NOVO MESTO,VO 6010 - HRASTNIK-TRBOVLJE,32,"ŠD Rudar, Rudarska cesta 6, vhod spodaj"
VE 6000 - NOVO MESTO,VO 6010 - HRASTNIK-TRBOVLJE,34,"Osnovna šola Trbovlje, Mestni trg 6, telovadnica"
VE 7000 - MARIBOR,VO 7001 - ŠMARJE PRI JELŠAH,1,"KD B.ob Sotli, B. ob Sotli 9, 3256 B. ob Sotli"
VE 7000 - MARIBOR,VO 7001 - ŠMARJE PRI JELŠAH,11,"TPOŠ Pristava, Pr./Mestinju 27, 3253 Pr./Mestinju"
VE 7000 - MARIBOR,VO 7001 - ŠMARJE PRI JELŠAH,19,"II.OŠ Rog. Sl., Ul. Kozj. odr. 4,3250 Rog.Slatina"
VE 7000 - MARIBOR,VO 7001 - ŠMARJE PRI JELŠAH,30,"Marjan Petauer, Dol/Pristavi 2b,3253 Pr./Mestinju"
VE 7000 - MARIBOR,VO 7001 - ŠMARJE PRI JELŠAH,34,"DKG Sl. Gora, Sl. Gora 3c, 3240 Šm./Jelšah"
VE 7000 - MARIBOR,VO 7001 - ŠMARJE PRI JELŠAH,35,"GD Sv. Štefan, Sv. Štefan 51, 3264 Sv. Štefan"
VE 7000 - MARIBOR,VO 7001 - ŠMARJE PRI JELŠAH,39,"KD Šm./Jelšah, Aškerčev trg 20, 3240 Šm./Jelšah"
VE 7000 - MARIBOR,VO 7001 - ŠMARJE PRI JELŠAH,40,"VD na Tinskem pri igrišču, bš, 3223 Loka/Žusmu"
VE 7000 - MARIBOR,VO 7001 - ŠMARJE PRI JELŠAH,41,"GD Zibika, Zibika 4a, 3253 Prist/Mestinju"
VE 7000 - MARIBOR,VO 7001 - ŠMARJE PRI JELŠAH,42,"GD Šm./Jelšah, Obrtniška ul. 4, 3240 Šm./Jelšah"
VE 7000 - MARIBOR,VO 7001 - ŠMARJE PRI JELŠAH,43,"Anderlič Bojan, Dragomilo 11, 3240 Šm./Jelšah"
VE 7000 - MARIBOR,VO 7001 - ŠMARJE PRI JELŠAH,44,"Martin Stoklas, Dvor 14, 3240 Šm./Jelšah"
VE 7000 - MARIBOR,VO 7001 - ŠMARJE PRI JELŠAH,45,"Fajs Damjan, Senovica 39, 3240 Šm./Jelšah"
VE 7000 - MARIBOR,VO 7001 - ŠMARJE PRI JELŠAH,46,"Lorger Sabina, Vrh 16, 3240 Šm./Jelšah"
VE 7000 - MARIBOR,VO 7001 - ŠMARJE PRI JELŠAH,47,"Orač Martin bivša trg., Ješovec 7, 3240 Šm./Jelšah"
VE 7000 - MARIBOR,VO 7002 - SLOVENSKA BISTRICA,4,"Tirgot, KS Impol, Levstikova ul. 2"
VE 7000 - MARIBOR,VO 7002 - SLOVENSKA BISTRICA,9,"Srednja šola, Ul. Dr. Jožeta Pučnika 21"
VE 7000 - MARIBOR,VO 7002 - SLOVENSKA BISTRICA,45,"Prostori društva za šport Žabljek, Žabljek b.š."
VE 7000 - MARIBOR,VO 7002 - SLOVENSKA BISTRICA,61,"Skledar Štefka, Štatenberg 66a"
VE 7000 - MARIBOR,VO 7002 - SLOVENSKA BISTRICA,62,"Športna dvorana Milenij, Ul. Poh. bataljona 19"
VE 7000 - MARIBOR,VO 7004 - RUŠE,22,"DLO Duh, Sv. Duh na Ostr. vrhu 47"
VE 7000 - MARIBOR,VO 7005 - MARIBOR 1,3,"Vrtec Borisa Pečeta, enota Bresternica, Na Gaj 4"
VE 7000 - MARIBOR,VO 7005 - MARIBOR 1,8,"Vrtec Studenci, enota Pekre, Bezjakova ul. 2"
VE 7000 - MARIBOR,VO 7005 - MARIBOR 1,9,"Vrtec Studenci, enota Pekre, Bezjakova ul. 2"
VE 7000 - MARIBOR,VO 7007 - MARIBOR 3,2,"Občina Duplek, Trg slovenske osamosvojitve 1"
VE 7000 - MARIBOR,VO 7009 - MARIBOR 5,13,"OŠ borcev za severno mejo, Borcev za sev.mejo 16"
VE 7000 - MARIBOR,VO 7010 - MARIBOR 6,9,"OŠ Tabor I, Ul. A. Tovornika 21"
VE 7000 - MARIBOR,VO 7010 - MARIBOR 6,10,"ZD Nova vas, C. prol. brigad 71"
VE 7000 - MARIBOR,VO 7010 - MARIBOR 6,14,"OŠ Tabor I, Ul. A. Tovornika 21"
VE 1000 - KRANJ,VO 1003 - RADOVLJICA 2,2,"Podružnična šola Begunje, Begunje na Gorenj. 27 b"
VE 1000 - KRANJ,VO 1003 - RADOVLJICA 2,3,"GASILSKO ORODIŠČE, pri hiši Konc, Dvorska vas 20a"
VE 1000 - KRANJ,VO 1006 - KRANJ 3,3,"Cerklje na Gor. II, OŠ D.Jenko, Krvavška c. 4"
VE 1000 - KRANJ,VO 1006 - KRANJ 3,21,"Naklo II, Večnamenski objekt Naklo, Stara c. 61  "
VE 1000 - KRANJ,VO 1007 - TRŽIČ,15,"Tržič II, Društvo upokojencev Tržič,Trg svobode18"
VE 1000 - KRANJ,VO 1008 - ŠKOFJA LOKA 1,20,"Zadružni dom Log nad Škofjo Loko, Log nad Šk.L.31"
VE 1000 - KRANJ,VO 1009 - ŠKOFJA LOKA 2,10,"Demšar Slavko, Dolenje Brdo 7, Poljane nad Šk.L."
VE 1000 - KRANJ,VO 1011 - IDRIJA,36,"DU Idrija, Enota Marof, Vojkova ul. 35"
VE 2000 - POSTOJNA,VO 2003 - IZOLA,4,"Kulturni dom, Ul.okt. revolucije 1"
VE 2000 - POSTOJNA,VO 2006 - SEŽANA,2,"Dane pri Sežani, Dom na Padulu, Dane 17 A"
VE 2000 - POSTOJNA,VO 2006 - SEŽANA,4,"Kreplje, Vaški dom, Kreplje bš"
VE 2000 - POSTOJNA,VO 2006 - SEŽANA,10,"Pliskovica, balinarski klub, Pliskovica bš"
VE 2000 - POSTOJNA,VO 2006 - SEŽANA,14,"Sedež Občine Sežana, Sežana, Partizanska c.4"
VE 2000 - POSTOJNA,VO 2006 - SEŽANA,15,"Otroški vrtec, Sežana, Ul. J. Pahorja 1 "
VE 2000 - POSTOJNA,VO 2006 - SEŽANA,16,"VDC Koper - Enota Sežana, Sežana, Ul. J.Pahorja 3"
VE 2000 - POSTOJNA,VO 2006 - SEŽANA,17,"OŠ Sežana, Sežana, Kosovelova ul. 6"
VE 2000 - POSTOJNA,VO 2006 - SEŽANA,18,"Stara OŠ, Sežana, Bazoviška c. 9"
VE 2000 - POSTOJNA,VO 2006 - SEŽANA,19,"ZGRS Sežana, Sežana, Bazoviška c. 13"
VE 2000 - POSTOJNA,VO 2006 - SEŽANA,23,"Tomaj, sedež KS - balinišče, Tomaj bš"
VE 2000 - POSTOJNA,VO 2006 - SEŽANA,27,"Gabrovica pri Komnu 47, prostori vaške skupnosti"
VE 2000 - POSTOJNA,VO 2006 - SEŽANA,28,"Volčji Grad, vaška hiša, Volčji Grad št. 24"
VE 2000 - POSTOJNA,VO 2006 - SEŽANA,29,"Tomačevica, vaški dom, Tomačevica bš"
VE 2000 - POSTOJNA,VO 2006 - SEŽANA,31,"Škrbina, stara OŠ, Škrbina bš"
VE 2000 - POSTOJNA,VO 2006 - SEŽANA,32,"Ivanji Grad, vaški dom, Ivanji Grad bš"
VE 2000 - POSTOJNA,VO 2006 - SEŽANA,33,"Brje pri Komnu, vaški dom, Brje pri Komnu bš"
VE 2000 - POSTOJNA,VO 2006 - SEŽANA,34,"Gorjansko, ZDD, Gorjansko 84 b"
VE 2000 - POSTOJNA,VO 2006 - SEŽANA,35,"Brestovica pri Komnu 55, prostori vaške skupnosti"
