,Volilna_Enota,Volilni_Okraj,Volilni_Okraj_Ime,Št. volilnih upr.,Udelezba-N,Udelezba-%,Št. oddanih glasovnic,Št. veljavnih glasovnic,Št. neveljavnih glasovnic,Odstotek preštetih glasovnic,SVOBODA-N,SVOBODA-%,SDS-N,SDS-%,VESNA-N,VESNA-%,DESUS IN DD-N,DESUS IN DD-%,SLS-N,SLS-%,NSI-N,NSI-%,LEVICA-N,LEVICA-%,ZELENI-N,ZELENI-%,SD-N,SD-%,RESNICA-N,RESNICA-%,NOT-N,NOT-%
0,,,,1689602,706204,0.418,705941,674759,31182,1.0,149200,0.221116,206386,0.305866,71023,0.105257,14980,0.022201,48637,0.072081,51812,0.076786,32436,0.04807,10865,0.016102,52390,0.077643,26767,0.039669,10263,0.01521
1,1.0,,,208092,93602,0.4498,93561,89145,4416,1.0,18822,0.211139,27305,0.306299,9452,0.10603,2153,0.024152,7682,0.086174,7657,0.085894,3842,0.043098,1331,0.014931,5079,0.056975,4545,0.050984,1277,0.014325
2,1.0,1.0,Jesenice,25955,9170,0.3533,9168,8633,535,1.0,2617,0.303139,2276,0.26364,748,0.086644,196,0.022704,538,0.062319,455,0.052705,400,0.046334,136,0.015754,594,0.068806,527,0.061045,146,0.016912
3,1.0,2.0,Radovljica 1,13412,6318,0.4711,6318,6004,314,1.0,1241,0.206696,1833,0.305296,685,0.114091,170,0.028314,490,0.081612,489,0.081446,256,0.042638,96,0.015989,363,0.06046,280,0.046636,101,0.016822
4,1.0,3.0,Radovljica 2,15875,7214,0.4544,7214,6833,381,1.0,1508,0.220694,1911,0.279672,886,0.129665,196,0.028684,393,0.057515,521,0.076248,292,0.042734,141,0.020635,461,0.067467,404,0.059125,120,0.017562
5,1.0,4.0,Kranj 1,20255,8638,0.4265,8614,8211,403,1.0,1815,0.221045,2163,0.263427,1018,0.12398,229,0.027889,581,0.070759,481,0.05858,496,0.060407,131,0.015954,579,0.070515,588,0.071611,130,0.015832
6,1.0,5.0,Kranj 2,20322,8850,0.4355,8850,8422,428,1.0,1815,0.215507,2296,0.272619,905,0.107457,207,0.024578,728,0.08644,590,0.070055,432,0.051294,134,0.015911,525,0.062337,661,0.078485,129,0.015317
7,1.0,6.0,Kranj 3,24388,12360,0.5068,12355,11832,523,1.0,1899,0.160497,4133,0.349307,1162,0.098208,193,0.016312,1508,0.127451,1073,0.090686,384,0.032454,152,0.012847,552,0.046653,613,0.051809,163,0.013776
8,1.0,7.0,Tržič,12396,5027,0.4055,5022,4709,313,1.0,1072,0.227649,1426,0.302824,736,0.156296,89,0.0189,288,0.061159,289,0.061372,167,0.035464,56,0.011892,239,0.050754,271,0.057549,76,0.016139
9,1.0,8.0,Škofja Loka 1,18652,9054,0.4854,9054,8675,379,1.0,1658,0.191124,2936,0.338444,974,0.112277,164,0.018905,848,0.097752,642,0.074006,489,0.056369,125,0.014409,416,0.047954,325,0.037464,98,0.011297
10,2.0,9.0,Škofja Loka 2,15430,8103,0.5251,8102,7801,301,1.0,1011,0.129599,3331,0.426997,566,0.072555,171,0.02192,919,0.117805,703,0.090117,267,0.034226,86,0.011024,386,0.049481,278,0.035636,83,0.01064
11,2.0,10.0,Kamnik,28081,12680,0.4516,12676,12208,468,1.0,2997,0.245495,3197,0.261877,1253,0.102638,219,0.017939,874,0.071592,1920,0.157274,475,0.038909,172,0.014089,552,0.045216,396,0.032438,153,0.012533
12,2.0,11.0,Idrija,13326,6171,0.4631,6171,5800,371,1.0,1186,0.204483,1794,0.30931,519,0.089483,318,0.054828,514,0.088621,493,0.085,184,0.031724,102,0.017586,410,0.07069,202,0.034828,78,0.013448
13,2.0,,,208571,84946,0.4073,84916,80408,4508,1.0,20249,0.251828,21276,0.264601,7094,0.088225,2229,0.027721,5587,0.069483,5264,0.065466,4110,0.051114,1647,0.020483,8495,0.105649,2990,0.037185,1467,0.018244
14,2.0,1.0,Tolmin,15812,7535,0.4765,7535,7177,358,1.0,1872,0.260833,2336,0.325484,525,0.07315,193,0.026891,616,0.08583,606,0.084436,181,0.025219,63,0.008778,472,0.065766,202,0.028145,111,0.015466
15,2.0,2.0,Piran,14517,4997,0.3442,4997,4698,299,1.0,1305,0.277778,1028,0.218817,486,0.103448,163,0.034696,210,0.0447,225,0.047893,318,0.067688,107,0.022776,525,0.11175,212,0.045126,119,0.02533
16,2.0,3.0,Izola,12477,4547,0.3644,4547,4273,274,1.0,1231,0.288088,876,0.205008,458,0.107185,144,0.0337,203,0.047508,167,0.039083,290,0.067868,80,0.018722,516,0.120758,196,0.045869,112,0.026211
17,2.0,4.0,Koper 1,18285,6210,0.3396,6209,5868,341,1.0,1767,0.301125,983,0.167519,654,0.111452,171,0.029141,237,0.040389,265,0.04516,505,0.08606,142,0.024199,699,0.119121,311,0.052999,134,0.022836
18,2.0,5.0,Koper 2,25254,9100,0.3603,9074,8576,498,1.0,2502,0.291744,1907,0.222365,845,0.098531,197,0.022971,434,0.050606,471,0.054921,587,0.068447,170,0.019823,796,0.092817,468,0.054571,199,0.023204
19,2.0,6.0,Sežana,22165,8950,0.4038,8949,8376,573,1.0,2203,0.263013,1789,0.213586,818,0.09766,337,0.040234,567,0.067693,449,0.053606,491,0.05862,262,0.03128,911,0.108763,358,0.042741,191,0.022803
20,2.0,7.0,Ilirska Bistrica,12655,4374,0.3456,4373,4095,278,1.0,810,0.197802,1379,0.336752,360,0.087912,129,0.031502,262,0.06398,384,0.093773,183,0.044689,96,0.023443,290,0.070818,133,0.032479,69,0.01685
21,2.0,8.0,Postojna,18040,7216,0.4,7216,6861,355,1.0,1454,0.211922,2138,0.311616,643,0.093718,140,0.020405,526,0.076665,430,0.062673,375,0.054657,331,0.048244,484,0.070544,225,0.032794,115,0.016761
22,3.0,9.0,Nova Gorica 1,24942,11299,0.453,11299,10712,587,1.0,2576,0.240478,3186,0.297423,765,0.071415,246,0.022965,878,0.081964,681,0.063574,328,0.03062,122,0.011389,1468,0.137043,300,0.028006,162,0.015123
23,3.0,10.0,Nova Gorica 2,23790,10598,0.4455,10597,10130,467,1.0,2979,0.294077,2287,0.225765,880,0.086871,316,0.031194,667,0.065844,429,0.042349,505,0.049852,120,0.011846,1453,0.143435,345,0.034057,149,0.014709
24,3.0,11.0,Ajdovščina,20634,10120,0.4905,10120,9642,478,1.0,1550,0.160755,3367,0.349201,660,0.068451,193,0.020017,987,0.102365,1157,0.119996,347,0.035988,154,0.015972,881,0.091371,240,0.024891,106,0.010994
25,3.0,,,220028,102427,0.4655,102367,98669,3698,1.0,21825,0.221194,25266,0.256068,13942,0.141301,2307,0.023381,7037,0.071319,6818,0.0691,7383,0.074826,1923,0.019489,6701,0.067914,3767,0.038178,1700,0.017229
26,3.0,1.0,Logatec,25111,11634,0.4633,11626,11190,436,1.0,2090,0.186774,3857,0.344683,1150,0.10277,184,0.016443,921,0.082306,1044,0.093298,392,0.035031,240,0.021448,735,0.065684,419,0.037444,158,0.01412
27,3.0,2.0,Vrhnika,20179,9657,0.4786,9655,9253,402,1.0,2115,0.228575,2644,0.285745,1150,0.124284,208,0.022479,697,0.075327,697,0.075327,467,0.05047,162,0.017508,582,0.062899,366,0.039555,165,0.017832
28,3.0,3.0,Ljubljana Vič-Rudnik 1,25842,11895,0.4603,11882,11412,470,1.0,2346,0.205573,3604,0.315808,1561,0.136786,222,0.019453,895,0.078426,798,0.069926,546,0.047844,132,0.011567,686,0.060112,441,0.038644,181,0.01586
29,3.0,4.0,Ljubljana Vič-Rudnik 2,16939,7590,0.4481,7590,7320,270,1.0,1788,0.244262,1693,0.231284,1074,0.146721,166,0.022678,450,0.061475,473,0.064617,613,0.083743,138,0.018852,490,0.06694,315,0.043033,120,0.016393
30,3.0,5.0,Ljubljana Vič-Rudnik 3,16499,8006,0.4852,8004,7766,238,1.0,1935,0.249163,1434,0.184651,1336,0.172032,218,0.028071,541,0.069663,439,0.056528,731,0.094128,155,0.019959,547,0.070435,288,0.037085,142,0.018285
31,3.0,6.0,Ljubljana Vič-Rudnik 4,21969,10597,0.4824,10595,10251,344,1.0,1929,0.188177,3365,0.328261,1291,0.125939,221,0.021559,814,0.079407,770,0.075115,675,0.065847,196,0.01912,554,0.054044,301,0.029363,135,0.013169
32,3.0,7.0,Ljubljana Center,22052,9102,0.4128,9102,8856,246,1.0,1947,0.219851,1481,0.167231,1496,0.168925,233,0.02631,516,0.058266,452,0.051039,1301,0.146906,223,0.025181,740,0.083559,301,0.033988,166,0.018744
33,3.0,8.0,Ljubljana Šiška 1,13906,6462,0.4647,6443,6227,216,1.0,1538,0.246989,1019,0.163642,1062,0.170548,172,0.027622,333,0.053477,302,0.048498,727,0.11675,163,0.026176,539,0.086559,234,0.037578,138,0.022162
34,4.0,9.0,Ljubljana Šiška 2,17995,8441,0.4691,8436,8116,320,1.0,2051,0.252711,1497,0.18445,1295,0.159561,225,0.027723,513,0.063208,391,0.048176,824,0.101528,174,0.021439,661,0.081444,318,0.039182,167,0.020577
35,4.0,10.0,Ljubljana Šiška 3,16734,7937,0.4743,7930,7623,307,1.0,1843,0.241768,1718,0.225371,1087,0.142595,210,0.027548,506,0.066378,509,0.066772,602,0.078972,127,0.01666,551,0.072281,327,0.042896,143,0.018759
36,4.0,11.0,Ljubljana Šiška 4,22802,11106,0.4871,11104,10655,449,1.0,2243,0.210511,2954,0.277241,1440,0.135148,248,0.023275,851,0.079869,943,0.088503,505,0.047396,213,0.019991,616,0.057813,457,0.042891,185,0.017363
37,4.0,,,208634,91658,0.4393,91624,88016,3608,1.0,18893,0.214654,24119,0.27403,13520,0.153608,1910,0.021701,6237,0.070862,6673,0.075816,5061,0.057501,1335,0.015168,5492,0.062398,3364,0.03822,1412,0.016043
38,4.0,1.0,Kočevje,14111,5157,0.3655,5156,4951,205,1.0,631,0.127449,1089,0.219956,2234,0.451222,44,0.008887,145,0.029287,181,0.036558,131,0.026459,33,0.006665,274,0.055342,132,0.026661,57,0.011513
39,4.0,2.0,Ribnica-Dobrepolje,14548,6839,0.4701,6839,6597,242,1.0,647,0.098075,2761,0.418524,1203,0.182356,60,0.009095,545,0.082613,755,0.114446,131,0.019858,65,0.009853,223,0.033803,165,0.025011,42,0.006367
40,4.0,3.0,Grosuplje,16101,7382,0.4585,7381,7125,256,1.0,1238,0.173754,2641,0.370667,828,0.116211,105,0.014737,711,0.099789,556,0.078035,259,0.036351,73,0.010246,355,0.049825,241,0.033825,118,0.016561
41,4.0,4.0,Ivančna Gorica,13315,6103,0.4584,6103,5908,195,1.0,903,0.152844,2752,0.465809,498,0.084292,108,0.01828,591,0.100034,361,0.061104,140,0.023697,78,0.013202,228,0.038592,174,0.029452,75,0.012695
42,4.0,5.0,Ljubljana Moste-Polje 1,23279,9906,0.4255,9903,9479,424,1.0,2268,0.239266,2628,0.277244,1137,0.119949,200,0.021099,665,0.070155,674,0.071105,544,0.05739,176,0.018567,573,0.060449,427,0.045047,187,0.019728
43,4.0,6.0,Ljubljana Moste-Polje 2,15047,5517,0.3667,5513,5257,256,1.0,1555,0.295796,962,0.182994,679,0.129161,176,0.033479,259,0.049268,222,0.042229,486,0.092448,77,0.014647,476,0.090546,266,0.050599,99,0.018832
44,4.0,7.0,Ljubljana Moste-Polje 3,19940,7892,0.3958,7892,7561,331,1.0,1920,0.253935,1640,0.216903,1117,0.147732,214,0.028303,455,0.060177,392,0.051845,650,0.085967,117,0.015474,526,0.069568,358,0.047348,172,0.022748
45,4.0,8.0,Ljubljana Bežigrad 1,23288,11147,0.4787,11137,10765,372,1.0,2622,0.243567,2384,0.221458,1640,0.152346,266,0.02471,780,0.072457,686,0.063725,799,0.074222,183,0.017,846,0.078588,382,0.035485,177,0.016442
46,5.0,9.0,Ljubljana Bežigrad 2,21351,9475,0.4438,9462,9143,319,1.0,2325,0.254293,1613,0.176419,1499,0.163951,209,0.022859,484,0.052937,435,0.047577,1068,0.116811,190,0.020781,743,0.081264,396,0.043312,181,0.019797
47,5.0,10.0,Domžale 1,24735,11266,0.4555,11266,10743,523,1.0,2247,0.209159,3058,0.28465,1252,0.116541,195,0.018151,859,0.079959,1536,0.142977,354,0.032952,160,0.014893,539,0.050172,402,0.03742,141,0.013125
48,5.0,11.0,Domžale 2,22919,10954,0.4779,10952,10468,484,1.0,2533,0.241976,2585,0.246943,1429,0.136511,332,0.031716,741,0.070787,875,0.083588,499,0.047669,183,0.017482,707,0.067539,421,0.040218,163,0.015571
49,5.0,,,210446,85275,0.4052,85251,81402,3849,1.0,17426,0.214073,28614,0.351515,7663,0.094138,1843,0.022641,4566,0.056092,6255,0.076841,2712,0.033316,978,0.012014,7049,0.086595,3112,0.03823,1184,0.014545
50,5.0,1.0,Šentjur,17035,6825,0.4006,6825,6560,265,1.0,1082,0.164939,2771,0.422409,667,0.101677,126,0.019207,490,0.074695,512,0.078049,148,0.022561,74,0.01128,372,0.056707,240,0.036585,78,0.01189
51,5.0,2.0,Celje 1,29350,11823,0.4028,11820,11225,595,1.0,2280,0.203118,4268,0.380223,1055,0.093987,224,0.019955,644,0.057372,827,0.073675,369,0.032873,161,0.014343,766,0.068241,450,0.040089,181,0.016125
52,5.0,3.0,Celje 2,21305,8352,0.392,8352,7887,465,1.0,1975,0.250412,2191,0.277799,916,0.11614,224,0.028401,414,0.052491,324,0.04108,452,0.057309,126,0.015976,773,0.098009,331,0.041968,161,0.020413
53,5.0,4.0,Žalec 1,18123,7603,0.4195,7601,7235,366,1.0,1536,0.212301,2641,0.365031,654,0.090394,157,0.0217,421,0.058189,521,0.072011,237,0.032757,106,0.014651,573,0.079198,274,0.037871,115,0.015895
54,5.0,5.0,Žalec 2,18748,8455,0.451,8455,8126,329,1.0,1754,0.21585,2626,0.32316,820,0.100911,167,0.020551,541,0.066576,812,0.099926,226,0.027812,93,0.011445,609,0.074945,356,0.04381,122,0.015014
55,5.0,6.0,Mozirje,13622,5864,0.4305,5864,5637,227,1.0,881,0.156289,2246,0.398439,734,0.130211,95,0.016853,530,0.094022,477,0.084619,99,0.017563,45,0.007983,242,0.042931,226,0.040092,62,0.010999
56,5.0,7.0,Velenje 1,16053,6144,0.3827,6143,5903,240,1.0,1228,0.20803,1842,0.312045,532,0.090124,202,0.03422,234,0.039641,347,0.058784,250,0.042351,64,0.010842,886,0.150093,241,0.040827,77,0.013044
57,5.0,8.0,Velenje 2,17242,6961,0.4037,6960,6671,289,1.0,1182,0.177185,2696,0.404137,557,0.083496,163,0.024434,319,0.047819,447,0.067006,191,0.028631,62,0.009294,700,0.104932,267,0.040024,87,0.013042
58,6.0,9.0,Slovenj Gradec,17964,7350,0.4092,7341,6989,352,1.0,1766,0.252683,2115,0.302618,614,0.087852,180,0.025755,349,0.049936,531,0.075977,286,0.040921,84,0.012019,719,0.102876,243,0.034769,102,0.014594
59,6.0,10.0,Ravne na Koroškem,20595,8319,0.4039,8315,7975,340,1.0,1970,0.247022,2568,0.322006,600,0.075235,161,0.020188,297,0.037241,838,0.105078,257,0.032226,89,0.01116,868,0.10884,226,0.028339,101,0.012665
60,6.0,11.0,Radlje,20409,7579,0.3714,7575,7194,381,1.0,1772,0.246316,2650,0.368363,514,0.071448,144,0.020017,327,0.045455,619,0.086044,197,0.027384,74,0.010286,541,0.075202,258,0.035863,98,0.013622
61,6.0,,,217462,86169,0.3962,86157,82138,4019,1.0,17867,0.217524,25699,0.312876,7957,0.096874,1510,0.018384,8700,0.105919,5631,0.068555,2891,0.035197,1306,0.0159,6369,0.07754,3007,0.036609,1201,0.014622
62,6.0,1.0,Črnomelj,22689,8374,0.3691,8372,7951,421,1.0,1580,0.198717,2440,0.30688,858,0.107911,186,0.023393,607,0.076343,662,0.08326,286,0.03597,109,0.013709,797,0.100239,255,0.032071,171,0.021507
63,6.0,2.0,Novo mesto 1,24395,9585,0.3929,9584,9190,394,1.0,1391,0.15136,3795,0.412949,800,0.087051,156,0.016975,875,0.095212,904,0.098368,223,0.024266,109,0.011861,505,0.054951,325,0.035365,107,0.011643
64,6.0,3.0,Novo mesto 2,25795,10758,0.4171,10755,10268,487,1.0,2317,0.225653,2992,0.291391,1363,0.132743,263,0.025614,681,0.066323,893,0.086969,480,0.046747,116,0.011297,635,0.061843,361,0.035158,167,0.016264
65,6.0,4.0,Trebnje,17025,7168,0.421,7168,6833,335,1.0,1232,0.180301,2576,0.376994,600,0.087809,116,0.016976,781,0.114298,575,0.08415,167,0.02444,72,0.010537,399,0.058393,220,0.032197,95,0.013903
66,6.0,5.0,Brežice,21172,7201,0.3401,7201,6871,330,1.0,1726,0.251201,2051,0.298501,514,0.074807,90,0.013099,871,0.126765,360,0.052394,348,0.050648,76,0.011061,426,0.062,290,0.042206,119,0.017319
67,6.0,6.0,Krško,23170,9057,0.3909,9054,8684,370,1.0,1793,0.206472,2430,0.279825,647,0.074505,139,0.016006,2117,0.243782,426,0.049056,242,0.027867,65,0.007485,439,0.050553,288,0.033164,98,0.011285
68,6.0,7.0,Sevnica,17021,6776,0.3981,6776,6484,292,1.0,1315,0.202807,2507,0.386644,497,0.07665,107,0.016502,849,0.130938,382,0.058914,118,0.018199,48,0.007403,366,0.056447,220,0.03393,75,0.011567
69,6.0,8.0,Laško,14613,5774,0.3951,5774,5498,276,1.0,1022,0.185886,1713,0.311568,443,0.080575,89,0.016188,391,0.071117,361,0.06566,152,0.027646,45,0.008185,979,0.178065,237,0.043107,66,0.012004
70,7.0,9.0,Litija,17172,7648,0.4454,7645,7311,334,1.0,1589,0.217344,2316,0.316783,645,0.088223,107,0.014635,788,0.107783,421,0.057584,252,0.034469,442,0.060457,347,0.047463,289,0.039529,115,0.01573
71,7.0,10.0,Hrastnik-Trbovlje,20831,8096,0.3887,8096,7568,528,1.0,2434,0.321617,1586,0.209567,829,0.10954,160,0.021142,281,0.03713,303,0.040037,400,0.052854,118,0.015592,994,0.131342,339,0.044794,124,0.016385
72,7.0,11.0,Zagorje,13579,5732,0.4221,5732,5480,252,1.0,1468,0.267883,1293,0.235949,761,0.138869,97,0.017701,459,0.083759,344,0.062774,223,0.040693,106,0.019343,482,0.087956,183,0.033394,64,0.011679
73,7.0,,,206670,77962,0.3772,77919,74460,3459,1.0,17074,0.229304,25769,0.346078,6121,0.082205,1483,0.019917,3952,0.053075,5799,0.077881,3131,0.042049,1158,0.015552,5794,0.077814,3076,0.041311,1103,0.014813
74,7.0,1.0,Šmarje pri Jelšah,27754,9048,0.326,9048,8628,420,1.0,1470,0.170376,3314,0.384098,565,0.065484,159,0.018428,750,0.086926,1093,0.126681,229,0.026541,76,0.008809,566,0.0656,293,0.033959,113,0.013097
75,7.0,2.0,Slovenska Bistrica,25214,10149,0.4025,10143,9683,460,1.0,1896,0.195807,3958,0.408758,650,0.067128,207,0.021378,677,0.069916,777,0.080244,254,0.026232,100,0.010327,643,0.066405,398,0.041103,123,0.012703
76,7.0,3.0,Slovenske Konjice,18999,8031,0.4227,8028,7675,353,1.0,1329,0.17316,3522,0.458893,478,0.06228,133,0.017329,468,0.060977,529,0.068925,180,0.023453,79,0.010293,627,0.081694,233,0.030358,97,0.012638
77,7.0,4.0,Ruše,12532,4512,0.36,4512,4323,189,1.0,1125,0.260236,1374,0.317835,373,0.086283,84,0.019431,173,0.040019,337,0.077955,184,0.042563,78,0.018043,345,0.079806,192,0.044414,58,0.013417
78,7.0,5.0,Maribor 1,23522,9312,0.3959,9307,8924,383,1.0,2242,0.251233,2759,0.309166,831,0.09312,178,0.019946,530,0.05939,641,0.071829,405,0.045383,170,0.01905,686,0.076871,362,0.040565,120,0.013447
79,7.0,6.0,Maribor 2,21076,8074,0.3831,8071,7681,390,1.0,1850,0.240854,2577,0.335503,639,0.083192,137,0.017836,326,0.042442,563,0.073298,299,0.038927,114,0.014842,653,0.085015,387,0.050384,136,0.017706
80,7.0,7.0,Maribor 3,17307,6372,0.3682,6369,6112,257,1.0,1266,0.207134,2562,0.419175,448,0.073298,81,0.013253,268,0.043848,454,0.07428,231,0.037795,78,0.012762,358,0.058573,284,0.046466,82,0.013416
81,7.0,8.0,Maribor 4,13934,5441,0.3905,5439,5248,191,1.0,1363,0.259718,1201,0.228849,651,0.124047,134,0.025534,217,0.041349,357,0.068026,409,0.077934,135,0.025724,476,0.090701,206,0.039253,99,0.018864
82,8.0,9.0,Maribor 5,16883,5886,0.3486,5880,5597,283,1.0,1510,0.269787,1537,0.274611,536,0.095766,108,0.019296,228,0.040736,381,0.068072,334,0.059675,131,0.023405,492,0.087904,238,0.042523,102,0.018224
83,8.0,10.0,Maribor 6,15841,6481,0.4091,6466,6179,287,1.0,1788,0.289367,1681,0.27205,594,0.096132,149,0.024114,183,0.029616,387,0.062631,333,0.053892,110,0.017802,597,0.096618,268,0.043373,89,0.014404
84,8.0,11.0,Maribor 7,13608,4656,0.3422,4656,4410,246,1.0,1235,0.280045,1284,0.291156,356,0.080726,113,0.025624,132,0.029932,280,0.063492,273,0.061905,87,0.019728,351,0.079592,215,0.048753,84,0.019048
85,8.0,,,209677,77010,0.3673,77007,73518,3489,1.0,15744,0.214152,27061,0.368087,4189,0.056979,1448,0.019696,4443,0.060434,7108,0.096684,2241,0.030482,1000,0.013602,6772,0.092113,2695,0.036658,817,0.011113
86,8.0,1.0,Lendava,21146,6635,0.3138,6635,6261,374,1.0,1351,0.21578,2403,0.383805,353,0.056381,173,0.027631,252,0.040249,730,0.116595,174,0.027791,57,0.009104,480,0.076665,217,0.034659,71,0.01134
87,8.0,2.0,Ormož,14121,5579,0.3951,5579,5284,295,1.0,1038,0.196442,2308,0.43679,238,0.045042,113,0.021385,351,0.066427,476,0.090083,116,0.021953,76,0.014383,318,0.060182,181,0.034254,69,0.013058
88,8.0,3.0,Ljutomer,15109,5301,0.3509,5301,5024,277,1.0,1272,0.253185,1670,0.332404,287,0.057126,124,0.024682,314,0.0625,406,0.080812,179,0.035629,58,0.011545,454,0.090366,186,0.037022,74,0.014729
89,8.0,4.0,Murska Sobota 1,24318,9258,0.3807,9257,8878,379,1.0,2238,0.252084,2790,0.31426,373,0.042014,217,0.024442,382,0.043028,624,0.070286,252,0.028385,58,0.006533,1540,0.173462,311,0.03503,93,0.010475
90,8.0,5.0,Murska Sobota 2,24845,9782,0.3937,9781,9330,451,1.0,2629,0.281779,2684,0.287674,491,0.052626,185,0.019829,406,0.043516,677,0.072562,376,0.0403,70,0.007503,1488,0.159486,251,0.026902,73,0.007824
91,8.0,6.0,Gornja Radgona,17768,6278,0.3533,6278,5992,286,1.0,1285,0.214453,1904,0.317757,337,0.056242,171,0.028538,354,0.059079,712,0.118825,246,0.041055,67,0.011182,559,0.093291,282,0.047063,75,0.012517
92,8.0,7.0,Lenart,16488,6335,0.3842,6334,6112,222,1.0,855,0.139889,2559,0.418685,321,0.05252,61,0.00998,309,0.050556,1234,0.201898,144,0.02356,78,0.012762,290,0.047448,214,0.035013,47,0.00769
93,8.0,8.0,Pesnica,18016,6344,0.3521,6344,6100,244,1.0,1401,0.229672,2517,0.412623,365,0.059836,81,0.013279,209,0.034262,547,0.089672,180,0.029508,78,0.012787,384,0.062951,278,0.045574,60,0.009836
94,8.0,9.0,Ptuj 1,21296,8251,0.3874,8251,7885,366,1.0,1185,0.150285,3382,0.428916,468,0.059353,97,0.012302,844,0.107039,704,0.089283,170,0.02156,279,0.035384,380,0.048193,298,0.037793,78,0.009892
95,8.0,10.0,Ptuj 2,17014,6477,0.3807,6477,6190,287,1.0,1322,0.21357,2162,0.349273,578,0.093376,134,0.021648,341,0.055089,415,0.067044,288,0.046527,114,0.018417,515,0.083199,223,0.036026,98,0.015832
96,8.0,11.0,Ptuj 3,19556,6740,0.3447,6740,6437,303,1.0,1161,0.180364,2673,0.415256,378,0.058723,89,0.013826,680,0.105639,581,0.090259,115,0.017865,65,0.010098,363,0.056393,253,0.039304,79,0.012273
