,VE,ENOTA,VO,Volilni_Okraj,Št. volilnih upr.,Udeležba,Odstotek udeležbe,Št. oddanih glasovnic,Št. veljavnih glasovnic,Št. neveljavnih glasovnic,Odstotek preštetih glasovnic,Mandati,DESUS-N,DESUS-%,DOM-N,DOM-%,RESNICA-N,RESNICA-%,SVOBODA-N,SVOBODA-%,ZSI-N,ZSI-%,LEVICA-N,LEVICA-%,LBP-N,LBP-%,LMŠ-N,LMŠ-%,NAŠA_DEŽELA-N,NAŠA_DEŽELA-%,SNP_DD-N,SNP_DD-%,NESTRANKARSKA-N,NESTRANKARSKA-%,NSI-N,NSI-%,PIRATI-N,PIRATI-%,POVEŽIMO-N,POVEŽIMO-%,SDS-N,SDS-%,SNS-N,SNS-%,SD-N,SD-%,SAB-N,SAB-%,VESNA-N,VESNA-%,ZLS-N,ZLS-%,ZOS-N,ZOS-%
0,,,,,1695796,1203522,0.7097,1203373,1192293,11080,1.0,88,7840,0.0066,2117,0.0018,34107,0.0286,410769,0.3445,168.0,0.0001,53234,0.0446,5174,0.0043,44401,0.0372,17846,0.015,20279,0.017,21021,0.0176,81794,0.0686,19480,0.0163,40612,0.0341,279897,0.2348,17736,0.0149,79709,0.0669,31117,0.0261,16089,0.0135,8340,0.007,563.0,0.0005
1,1.0,Kranj,,,208687,154722,0.7414,154700,153154,1546,1.0,11,762,0.005,430,0.0028,5909,0.0386,48970,0.3197,,,6792,0.0443,451,0.0029,8019,0.0524,1992,0.013,2515,0.0164,3099,0.0202,12980,0.0848,2821,0.0184,5127,0.0335,34599,0.2259,1933,0.0126,8137,0.0531,4862,0.0317,2441,0.0159,1139,0.0074,176.0,0.0011
2,1.0,Kranj,1.0,Jesenice,26220,16988,0.6479,16981,16756,225,1.0,1,129,0.0077,80,0.0048,957,0.0571,5846,0.3489,,,694,0.0414,73,0.0044,702,0.0419,280,0.0167,626,0.0374,341,0.0204,779,0.0465,334,0.0199,462,0.0276,3148,0.1879,194,0.0116,1058,0.0631,670,0.04,225,0.0134,121,0.0072,37.0,0.0022
3,1.0,Kranj,2.0,Radovljica 1,13434,10215,0.7604,10215,10110,105,1.0,0,45,0.0045,48,0.0047,290,0.0287,3191,0.3156,,,498,0.0493,54,0.0053,404,0.04,129,0.0128,154,0.0152,294,0.0291,737,0.0729,184,0.0182,418,0.0413,2196,0.2172,162,0.016,598,0.0591,356,0.0352,216,0.0214,116,0.0115,20.0,0.002
4,1.0,Kranj,3.0,Radovljica 2,15916,11917,0.7487,11916,11790,126,1.0,1,54,0.0046,30,0.0025,530,0.045,4057,0.3441,,,577,0.0489,50,0.0042,562,0.0477,175,0.0148,169,0.0143,411,0.0349,809,0.0686,216,0.0183,248,0.021,2393,0.203,140,0.0119,692,0.0587,340,0.0288,207,0.0176,105,0.0089,25.0,0.0021
5,1.0,Kranj,4.0,Kranj 1,20383,14738,0.7231,14738,14622,116,1.0,1,93,0.0064,46,0.0031,746,0.051,5272,0.3606,,,796,0.0544,31,0.0021,581,0.0397,126,0.0086,183,0.0125,230,0.0157,911,0.0623,277,0.0189,302,0.0207,2821,0.1929,173,0.0118,940,0.0643,726,0.0497,243,0.0166,111,0.0076,14.0,0.001
6,1.0,Kranj,5.0,Kranj 2,20456,14997,0.7331,14995,14862,133,1.0,1,72,0.0048,52,0.0035,855,0.0575,5149,0.3465,,,730,0.0491,26,0.0017,566,0.0381,152,0.0102,206,0.0139,243,0.0164,1069,0.0719,296,0.0199,409,0.0275,2911,0.1959,177,0.0119,813,0.0547,829,0.0558,186,0.0125,111,0.0075,10.0,0.0007
7,1.0,Kranj,6.0,Kranj 3,24293,19276,0.7935,19276,19102,174,1.0,2,63,0.0033,41,0.0021,655,0.0343,5384,0.2819,,,639,0.0335,45,0.0024,807,0.0422,343,0.018,258,0.0135,355,0.0186,2141,0.1121,338,0.0177,1115,0.0584,4927,0.2579,282,0.0148,802,0.042,481,0.0252,288,0.0151,120,0.0063,18.0,0.0009
8,1.0,Kranj,7.0,Tržič,12493,8916,0.7137,8915,8808,107,1.0,1,53,0.006,11,0.0012,378,0.0429,3267,0.3709,,,346,0.0393,41,0.0047,299,0.0339,77,0.0087,158,0.0179,304,0.0345,628,0.0713,165,0.0187,151,0.0171,1909,0.2167,102,0.0116,359,0.0408,216,0.0245,264,0.03,67,0.0076,13.0,0.0015
9,1.0,Kranj,8.0,Škofja Loka 1,18616,14239,0.7649,14237,14112,125,1.0,2,61,0.0043,35,0.0025,422,0.0299,4410,0.3125,,,938,0.0665,28,0.002,478,0.0339,140,0.0099,219,0.0155,256,0.0181,1130,0.0801,270,0.0191,515,0.0365,3753,0.2659,175,0.0124,594,0.0421,348,0.0247,238,0.0169,89,0.0063,13.0,0.0009
10,1.0,Kranj,9.0,Škofja Loka 2,15419,12209,0.7918,12209,12105,104,1.0,2,51,0.0042,30,0.0025,332,0.0274,2742,0.2265,,,429,0.0354,26,0.0021,406,0.0335,189,0.0156,153,0.0126,194,0.016,1318,0.1089,218,0.018,600,0.0496,4202,0.3471,175,0.0145,530,0.0438,228,0.0188,177,0.0146,99,0.0082,6.0,0.0005
11,1.0,Kranj,10.0,Kamnik,27960,21290,0.7614,21283,21106,177,1.0,0,96,0.0045,50,0.0024,472,0.0224,6611,0.3132,,,791,0.0375,38,0.0018,2768,0.1311,253,0.012,275,0.013,311,0.0147,2610,0.1237,358,0.017,395,0.0187,4069,0.1928,211,0.01,887,0.042,490,0.0232,263,0.0125,147,0.007,11.0,0.0005
12,1.0,Kranj,11.0,Idrija,13497,9937,0.7362,9935,9781,154,1.0,0,45,0.0046,7,0.0007,272,0.0278,3041,0.3109,,,354,0.0362,39,0.004,446,0.0456,128,0.0131,114,0.0117,160,0.0164,848,0.0867,165,0.0169,512,0.0523,2270,0.2321,142,0.0145,864,0.0883,178,0.0182,134,0.0137,53,0.0054,9.0,0.0009
13,2.0,Postojna,,,209311,145599,0.6956,145586,144035,1551,1.0,11,1035,0.0072,245,0.0017,2999,0.0208,56448,0.3919,,,6873,0.0477,2089,0.0145,4245,0.0295,2142,0.0149,2926,0.0203,2617,0.0182,9425,0.0654,2374,0.0165,3804,0.0264,27880,0.1936,1255,0.0087,10684,0.0742,4221,0.0293,1733,0.012,876,0.0061,164.0,0.0011
14,2.0,Postojna,1.0,Tolmin,16066,11451,0.7127,11449,11348,101,1.0,1,68,0.006,15,0.0013,174,0.0153,3730,0.3287,,,363,0.032,18,0.0016,246,0.0217,167,0.0147,95,0.0084,195,0.0172,1157,0.102,152,0.0134,718,0.0633,2838,0.2501,118,0.0104,895,0.0789,167,0.0147,165,0.0145,54,0.0048,13.0,0.0011
15,2.0,Postojna,2.0,Piran,14707,9351,0.6358,9350,9246,104,1.0,1,68,0.0074,19,0.0021,263,0.0284,3691,0.3992,,,527,0.057,121,0.0131,313,0.0339,81,0.0088,178,0.0193,263,0.0284,315,0.0341,152,0.0164,140,0.0151,1510,0.1633,62,0.0067,1097,0.1186,285,0.0308,87,0.0094,60,0.0065,14.0,0.0015
16,2.0,Postojna,3.0,Izola,12644,8556,0.6767,8556,8451,105,1.0,1,83,0.0098,22,0.0026,234,0.0277,3682,0.4357,,,484,0.0573,136,0.0161,242,0.0286,75,0.0089,200,0.0237,195,0.0231,273,0.0323,154,0.0182,193,0.0228,1234,0.146,52,0.0062,710,0.084,321,0.038,86,0.0102,64,0.0076,11.0,0.0013
17,2.0,Postojna,4.0,Koper 1,18485,11976,0.6479,11976,11824,152,1.0,2,86,0.0073,10,0.0008,316,0.0267,5213,0.4409,,,861,0.0728,644,0.0545,386,0.0326,70,0.0059,341,0.0288,229,0.0194,324,0.0274,260,0.022,184,0.0156,1329,0.1124,80,0.0068,864,0.0731,422,0.0357,100,0.0085,92,0.0078,13.0,0.0011
18,2.0,Postojna,5.0,Koper 2,24985,17380,0.6956,17378,17233,145,1.0,1,94,0.0055,28,0.0016,512,0.0297,7466,0.4332,,,834,0.0484,782,0.0454,611,0.0355,179,0.0104,432,0.0251,341,0.0198,646,0.0375,285,0.0165,279,0.0162,2502,0.1452,105,0.0061,1169,0.0678,647,0.0375,167,0.0097,125,0.0073,29.0,0.0017
19,2.0,Postojna,6.0,Sežana,21966,15219,0.6928,15218,15025,193,1.0,1,119,0.0079,22,0.0015,338,0.0225,6178,0.4112,,,891,0.0593,100,0.0067,430,0.0286,375,0.025,287,0.0191,308,0.0205,669,0.0445,275,0.0183,419,0.0279,2271,0.1511,169,0.0112,1029,0.0685,853,0.0568,177,0.0118,94,0.0063,21.0,0.0014
20,2.0,Postojna,7.0,Ilirska Bistrica,12706,7871,0.6195,7868,7740,128,1.0,0,66,0.0085,9,0.0012,149,0.0193,2443,0.3156,,,319,0.0412,30,0.0039,315,0.0407,144,0.0186,110,0.0142,59,0.0076,1095,0.1415,102,0.0132,284,0.0367,1799,0.2324,121,0.0156,354,0.0457,186,0.024,91,0.0118,55,0.0071,9.0,0.0012
21,2.0,Postojna,8.0,Postojna,18119,12510,0.6904,12509,12379,130,1.0,1,119,0.0096,25,0.002,235,0.019,4266,0.3446,,,618,0.0499,97,0.0078,747,0.0603,253,0.0204,179,0.0145,206,0.0166,661,0.0534,208,0.0168,378,0.0305,2925,0.2363,133,0.0107,738,0.0596,392,0.0317,131,0.0106,56,0.0045,12.0,0.001
22,2.0,Postojna,9.0,Nova Gorica 1,25098,18330,0.7303,18329,18164,165,1.0,1,131,0.0072,33,0.0018,287,0.0158,7484,0.412,,,586,0.0323,54,0.003,352,0.0194,374,0.0206,253,0.0139,290,0.016,1250,0.0688,268,0.0148,473,0.026,4214,0.232,161,0.0089,1117,0.0615,315,0.0173,369,0.0203,131,0.0072,22.0,0.0012
23,2.0,Postojna,10.0,Nova Gorica 2,23879,17405,0.7289,17405,17258,147,1.0,0,95,0.0055,38,0.0022,264,0.0153,7936,0.4598,,,835,0.0484,54,0.0031,292,0.0169,202,0.0117,647,0.0375,287,0.0166,760,0.044,237,0.0137,373,0.0216,3095,0.1793,131,0.0076,1321,0.0765,416,0.0241,187,0.0108,76,0.0044,12.0,0.0007
24,2.0,Postojna,11.0,Ajdovščina,20656,15550,0.7528,15548,15367,181,1.0,2,106,0.0069,24,0.0016,227,0.0148,4359,0.2837,,,555,0.0361,53,0.0034,311,0.0202,222,0.0144,204,0.0133,244,0.0159,2275,0.148,281,0.0183,363,0.0236,4163,0.2709,123,0.008,1390,0.0905,217,0.0141,173,0.0113,69,0.0045,8.0,0.0005
25,3.0,Ljubljana Center,,,219487,165179,0.7526,165151,164059,1092,1.0,11,520,0.0032,337,0.0021,3536,0.0216,62485,0.3809,,,11305,0.0689,517,0.0032,6440,0.0393,1276,0.0078,3132,0.0191,3018,0.0184,11261,0.0686,3340,0.0204,4405,0.0269,31987,0.195,1436,0.0088,10146,0.0618,5370,0.0327,2661,0.0162,887,0.0054,,
26,3.0,Ljubljana Center,1.0,Logatec,25039,18799,0.7508,18794,18635,159,1.0,2,55,0.003,26,0.0014,367,0.0197,6128,0.3288,,,702,0.0377,95,0.0051,657,0.0353,274,0.0147,240,0.0129,414,0.0222,1937,0.1039,320,0.0172,774,0.0415,4580,0.2458,201,0.0108,1140,0.0612,429,0.023,212,0.0114,84,0.0045,,
27,3.0,Ljubljana Center,2.0,Vrhnika,20084,15549,0.7742,15546,15423,123,1.0,0,46,0.003,23,0.0015,353,0.0229,5873,0.3808,,,711,0.0461,67,0.0043,665,0.0431,129,0.0084,281,0.0182,349,0.0226,1089,0.0706,311,0.0202,403,0.0261,3341,0.2166,148,0.0096,816,0.0529,439,0.0285,262,0.017,117,0.0076,,
28,3.0,Ljubljana Center,3.0,Ljubljana Vič-Rudnik 1,25494,19890,0.7802,19889,19738,151,1.0,1,60,0.003,51,0.0026,561,0.0284,7054,0.3574,,,751,0.038,63,0.0032,690,0.035,138,0.007,509,0.0258,353,0.0179,1513,0.0767,391,0.0198,736,0.0373,4639,0.235,244,0.0124,997,0.0505,565,0.0286,287,0.0145,136,0.0069,,
29,3.0,Ljubljana Center,4.0,Ljubljana Vič-Rudnik 2,16849,12570,0.746,12570,12492,78,1.0,1,38,0.003,33,0.0026,226,0.0181,5199,0.4162,,,932,0.0746,37,0.003,508,0.0407,55,0.0044,227,0.0182,229,0.0183,762,0.061,270,0.0216,286,0.0229,2142,0.1715,104,0.0083,759,0.0608,442,0.0354,193,0.0154,50,0.004,,
30,3.0,Ljubljana Center,5.0,Ljubljana Vič-Rudnik 3,16336,12593,0.7709,12589,12513,76,1.0,1,49,0.0039,28,0.0022,235,0.0188,5099,0.4075,,,1083,0.0865,36,0.0029,495,0.0396,54,0.0043,233,0.0186,189,0.0151,651,0.052,251,0.0201,281,0.0225,1922,0.1536,78,0.0062,992,0.0793,528,0.0422,245,0.0196,64,0.0051,,
31,3.0,Ljubljana Center,6.0,Ljubljana Vič-Rudnik 4,21800,16856,0.7732,16847,16730,117,1.0,1,41,0.0025,28,0.0017,299,0.0179,5811,0.3473,,,1030,0.0616,33,0.002,628,0.0375,172,0.0103,260,0.0155,312,0.0186,1192,0.0712,353,0.0211,467,0.0279,4269,0.2552,141,0.0084,893,0.0534,467,0.0279,256,0.0153,78,0.0047,,
32,3.0,Ljubljana Center,7.0,Ljubljana Center,22220,14465,0.651,14464,14398,66,1.0,2,42,0.0029,26,0.0018,198,0.0138,5461,0.3793,,,2123,0.1475,21,0.0015,518,0.036,66,0.0046,275,0.0191,241,0.0167,747,0.0519,318,0.0221,303,0.021,2158,0.1499,92,0.0064,939,0.0652,547,0.038,278,0.0193,45,0.0031,,
33,3.0,Ljubljana Center,8.0,Ljubljana Šiška 1,14089,10285,0.73,10282,10238,44,1.0,0,33,0.0032,31,0.003,172,0.0168,4500,0.4395,,,1074,0.1049,23,0.0022,416,0.0406,59,0.0058,260,0.0254,173,0.0169,427,0.0417,243,0.0237,167,0.0163,1302,0.1272,59,0.0058,690,0.0674,369,0.036,185,0.0181,55,0.0054,,
34,3.0,Ljubljana Center,9.0,Ljubljana Šiška 2,18149,13491,0.7433,13490,13411,79,1.0,2,53,0.004,33,0.0025,313,0.0233,5389,0.4018,,,1235,0.0921,45,0.0034,549,0.0409,74,0.0055,321,0.0239,216,0.0161,693,0.0517,251,0.0187,259,0.0193,1865,0.1391,88,0.0066,1172,0.0874,542,0.0404,237,0.0177,76,0.0057,,
35,3.0,Ljubljana Center,10.0,Ljubljana Šiška 3,16955,12868,0.759,12867,12801,66,1.0,1,37,0.0029,25,0.002,306,0.0239,5330,0.4164,,,905,0.0707,30,0.0023,543,0.0424,83,0.0065,241,0.0188,225,0.0176,717,0.056,246,0.0192,309,0.0241,2112,0.165,95,0.0074,836,0.0653,472,0.0369,215,0.0168,74,0.0058,,
36,3.0,Ljubljana Center,11.0,Ljubljana Šiška 4,22472,17813,0.7927,17813,17680,133,1.0,0,66,0.0037,33,0.0019,506,0.0286,6641,0.3756,,,759,0.0429,67,0.0038,771,0.0436,172,0.0097,285,0.0161,317,0.0179,1533,0.0867,386,0.0218,420,0.0238,3657,0.2068,186,0.0105,912,0.0516,570,0.0322,291,0.0165,108,0.0061,,
37,4.0,Ljubljana Bežigrad,,,208503,153531,0.7363,153513,152350,1163,1.0,11,736,0.0048,276,0.0018,3436,0.0226,55818,0.3664,,,8391,0.0551,523,0.0034,7442,0.0488,1336,0.0088,3153,0.0207,2588,0.017,11357,0.0745,2985,0.0196,3100,0.0203,32120,0.2108,1813,0.0119,9419,0.0618,4435,0.0291,2444,0.016,978,0.0064,,
38,4.0,Ljubljana Bežigrad,1.0,Kočevje,14210,9043,0.6364,9043,8942,101,1.0,1,67,0.0075,11,0.0012,289,0.0323,3196,0.3574,,,307,0.0343,48,0.0054,248,0.0277,57,0.0064,168,0.0188,110,0.0123,550,0.0615,96,0.0107,112,0.0125,1806,0.202,226,0.0253,1242,0.1389,281,0.0314,76,0.0085,52,0.0058,,
39,4.0,Ljubljana Bežigrad,2.0,Ribnica-Dobrepolje,14529,10411,0.7166,10410,10301,109,1.0,2,49,0.0048,12,0.0012,175,0.017,2299,0.2232,,,270,0.0262,26,0.0025,291,0.0282,151,0.0147,199,0.0193,177,0.0172,1845,0.1791,132,0.0128,240,0.0233,3574,0.347,155,0.015,374,0.0363,177,0.0172,107,0.0104,48,0.0047,,
40,4.0,Ljubljana Bežigrad,3.0,Grosuplje,15897,12087,0.7603,12083,12009,74,1.0,1,64,0.0053,31,0.0026,229,0.0191,3726,0.3103,,,469,0.0391,24,0.002,411,0.0342,111,0.0092,184,0.0153,273,0.0227,928,0.0773,189,0.0157,345,0.0287,3871,0.3223,127,0.0106,516,0.043,238,0.0198,202,0.0168,71,0.0059,,
41,4.0,Ljubljana Bežigrad,4.0,Ivančna Gorica,13132,10094,0.7687,10094,10001,93,1.0,0,57,0.0057,23,0.0023,173,0.0173,2560,0.256,,,311,0.0311,23,0.0023,348,0.0348,222,0.0222,151,0.0151,160,0.016,709,0.0709,157,0.0157,285,0.0285,3921,0.3921,114,0.0114,453,0.0453,151,0.0151,135,0.0135,48,0.0048,,
42,4.0,Ljubljana Bežigrad,5.0,Ljubljana Moste-Polje 1,23329,17197,0.7372,17195,17063,132,1.0,0,60,0.0035,23,0.0013,406,0.0238,6661,0.3904,,,886,0.0519,58,0.0034,794,0.0465,126,0.0074,410,0.024,278,0.0163,1109,0.065,352,0.0206,336,0.0197,3424,0.2007,202,0.0118,1029,0.0603,480,0.0281,270,0.0158,159,0.0093,,
43,4.0,Ljubljana Bežigrad,6.0,Ljubljana Moste-Polje 2,15339,10354,0.675,10349,10262,87,1.0,1,64,0.0062,17,0.0017,250,0.0244,4433,0.432,,,808,0.0787,61,0.0059,428,0.0417,50,0.0049,442,0.0431,178,0.0173,358,0.0349,180,0.0175,163,0.0159,1297,0.1264,87,0.0085,776,0.0756,429,0.0418,160,0.0156,81,0.0079,,
44,4.0,Ljubljana Bežigrad,7.0,Ljubljana Moste-Polje 3,20250,14150,0.6988,14149,14037,112,1.0,1,88,0.0063,31,0.0022,376,0.0268,5743,0.4091,,,1162,0.0828,60,0.0043,595,0.0424,69,0.0049,339,0.0242,242,0.0172,730,0.052,302,0.0215,261,0.0186,2124,0.1513,122,0.0087,978,0.0697,489,0.0348,228,0.0162,98,0.007,,
45,4.0,Ljubljana Bežigrad,8.0,Ljubljana Bežigrad 1,23372,18034,0.7716,18032,17932,100,1.0,1,72,0.004,33,0.0018,396,0.0221,7321,0.4083,,,1230,0.0686,53,0.003,809,0.0451,116,0.0065,285,0.0159,295,0.0165,1182,0.0659,371,0.0207,337,0.0188,3055,0.1704,175,0.0098,1163,0.0649,631,0.0352,321,0.0179,87,0.0049,,
46,4.0,Ljubljana Bežigrad,9.0,Ljubljana Bežigrad 2,21134,15303,0.7241,15300,15211,89,1.0,2,53,0.0035,31,0.002,294,0.0193,6319,0.4154,,,1573,0.1034,44,0.0029,728,0.0479,83,0.0055,323,0.0212,246,0.0162,705,0.0463,407,0.0268,281,0.0185,2072,0.1362,122,0.008,997,0.0655,542,0.0356,304,0.02,87,0.0057,,
47,4.0,Ljubljana Bežigrad,10.0,Domžale 1,24506,19179,0.7826,19179,19014,165,1.0,1,81,0.0043,32,0.0017,420,0.0221,6595,0.3468,,,597,0.0314,59,0.0031,1426,0.075,216,0.0114,333,0.0175,287,0.0151,1963,0.1032,411,0.0216,429,0.0226,3972,0.2089,302,0.0159,921,0.0484,465,0.0245,367,0.0193,138,0.0073,,
48,4.0,Ljubljana Bežigrad,11.0,Domžale 2,22805,17679,0.7752,17679,17578,101,1.0,1,81,0.0046,32,0.0018,428,0.0243,6965,0.3962,,,778,0.0443,67,0.0038,1364,0.0776,135,0.0077,319,0.0181,342,0.0195,1278,0.0727,388,0.0221,311,0.0177,3004,0.1709,181,0.0103,970,0.0552,552,0.0314,274,0.0156,109,0.0062,,
49,5.0,Celje,,,211981,151805,0.7161,151792,150432,1360,1.0,11,1002,0.0067,218,0.0014,4756,0.0316,46410,0.3085,,,4786,0.0318,501,0.0033,4722,0.0314,2544,0.0169,2574,0.0171,2086,0.0139,11026,0.0733,2169,0.0144,4728,0.0314,41017,0.2727,2834,0.0188,12307,0.0818,3433,0.0228,2122,0.0141,1197,0.008,,
50,5.0,Celje,1.0,Šentjur,17077,12253,0.7175,12251,12159,92,1.0,1,122,0.01,17,0.0014,341,0.028,3167,0.2605,,,242,0.0199,22,0.0018,345,0.0284,239,0.0197,172,0.0141,151,0.0124,799,0.0657,154,0.0127,598,0.0492,4339,0.3569,362,0.0298,588,0.0484,247,0.0203,123,0.0101,131,0.0108,,
51,5.0,Celje,2.0,Celje 1,29422,20901,0.7104,20901,20692,209,1.0,1,140,0.0068,35,0.0017,729,0.0352,6684,0.323,,,653,0.0316,68,0.0033,633,0.0306,240,0.0116,428,0.0207,296,0.0143,1198,0.0579,338,0.0163,867,0.0419,5865,0.2834,447,0.0216,1151,0.0556,438,0.0212,293,0.0142,189,0.0091,,
52,5.0,Celje,3.0,Celje 2,21855,14808,0.6776,14808,14693,115,1.0,1,103,0.007,28,0.0019,487,0.0331,5521,0.3758,,,814,0.0554,55,0.0037,448,0.0305,104,0.0071,413,0.0281,240,0.0163,577,0.0393,262,0.0178,518,0.0353,3027,0.206,241,0.0164,982,0.0668,408,0.0278,291,0.0198,174,0.0118,,
53,5.0,Celje,4.0,Žalec 1,18004,13266,0.7368,13266,13151,115,1.0,1,100,0.0076,14,0.0011,374,0.0284,4143,0.315,,,376,0.0286,41,0.0031,333,0.0253,223,0.017,197,0.015,192,0.0146,1399,0.1064,192,0.0146,416,0.0316,3391,0.2579,285,0.0217,750,0.057,377,0.0287,194,0.0148,154,0.0117,,
54,5.0,Celje,5.0,Žalec 2,18630,14238,0.7643,14238,14100,138,1.0,2,103,0.0073,25,0.0018,422,0.0299,4366,0.3096,,,426,0.0302,43,0.003,466,0.033,155,0.011,213,0.0151,205,0.0145,2016,0.143,213,0.0151,295,0.0209,3287,0.2331,237,0.0168,947,0.0672,324,0.023,201,0.0143,156,0.0111,,
55,5.0,Celje,6.0,Mozirje,13700,10177,0.7428,10174,10095,79,1.0,1,57,0.0056,12,0.0012,450,0.0446,2553,0.2529,,,238,0.0236,28,0.0028,276,0.0273,159,0.0158,126,0.0125,158,0.0157,1158,0.1147,112,0.0111,450,0.0446,3249,0.3218,177,0.0175,349,0.0346,145,0.0144,338,0.0335,60,0.0059,,
56,5.0,Celje,7.0,Velenje 1,16320,11030,0.6759,11030,10935,95,1.0,0,61,0.0056,20,0.0018,438,0.0401,3203,0.2929,,,355,0.0325,86,0.0079,257,0.0235,141,0.0129,244,0.0223,160,0.0146,456,0.0417,150,0.0137,211,0.0193,2801,0.2561,170,0.0155,1618,0.148,321,0.0294,182,0.0166,61,0.0056,,
57,5.0,Celje,8.0,Velenje 2,17459,12265,0.7025,12263,12149,114,1.0,1,62,0.0051,20,0.0016,440,0.0362,3016,0.2483,,,366,0.0301,62,0.0051,391,0.0322,237,0.0195,211,0.0174,137,0.0113,784,0.0645,177,0.0146,441,0.0363,3806,0.3133,300,0.0247,1090,0.0897,378,0.0311,154,0.0127,77,0.0063,,
58,5.0,Celje,9.0,Slovenj Gradec,17943,13453,0.7498,13452,13346,106,1.0,1,100,0.0075,17,0.0013,309,0.0232,5100,0.3821,,,465,0.0348,22,0.0016,546,0.0409,288,0.0216,154,0.0115,166,0.0124,707,0.053,209,0.0157,485,0.0363,3338,0.2501,179,0.0134,834,0.0625,266,0.0199,112,0.0084,49,0.0037,,
59,5.0,Celje,10.0,Ravne na Koroškem,20947,15050,0.7185,15047,14896,151,1.0,1,58,0.0039,22,0.0015,356,0.0239,4324,0.2903,,,484,0.0325,35,0.0023,358,0.024,162,0.0109,185,0.0124,130,0.0087,922,0.0619,180,0.0121,214,0.0144,3884,0.2607,218,0.0146,2894,0.1943,302,0.0203,131,0.0088,37,0.0025,,
60,5.0,Celje,11.0,Radlje,20624,14364,0.6965,14362,14216,146,1.0,1,96,0.0068,8,0.0006,410,0.0288,4333,0.3048,,,367,0.0258,39,0.0027,669,0.0471,596,0.0419,231,0.0162,251,0.0177,1010,0.071,182,0.0128,233,0.0164,4030,0.2835,218,0.0153,1104,0.0777,227,0.016,103,0.0072,109,0.0077,,
61,6.0,Novo mesto,,,218504,153736,0.7036,153725,152089,1636,1.0,11,1491,0.0098,243,0.0016,4264,0.028,51652,0.3396,,,5348,0.0352,420,0.0028,5909,0.0389,2289,0.0151,2409,0.0158,3466,0.0228,9891,0.065,1873,0.0123,5774,0.038,37662,0.2476,2683,0.0176,10408,0.0684,3290,0.0216,2054,0.0135,963,0.0063,,
62,6.0,Novo mesto,1.0,Črnomelj,22804,14843,0.6509,14838,14641,197,1.0,0,258,0.0176,15,0.001,328,0.0224,4290,0.293,,,519,0.0354,28,0.0019,614,0.0419,99,0.0068,149,0.0102,1156,0.079,974,0.0665,121,0.0083,371,0.0253,3887,0.2655,173,0.0118,1288,0.088,243,0.0166,87,0.0059,41,0.0028,,
63,6.0,Novo mesto,2.0,Novo mesto 1,24415,17832,0.7304,17831,17632,199,1.0,2,193,0.0109,43,0.0024,563,0.0319,4367,0.2477,,,438,0.0248,59,0.0033,673,0.0382,318,0.018,294,0.0167,476,0.027,1694,0.0961,210,0.0119,581,0.033,5794,0.3286,397,0.0225,936,0.0531,316,0.0179,194,0.011,86,0.0049,,
64,6.0,Novo mesto,3.0,Novo mesto 2,25700,18672,0.7265,18670,18496,174,1.0,1,285,0.0154,34,0.0018,452,0.0244,6804,0.3679,,,759,0.041,40,0.0022,659,0.0356,182,0.0098,393,0.0212,489,0.0264,1718,0.0929,282,0.0152,383,0.0207,3785,0.2046,254,0.0137,1117,0.0604,514,0.0278,243,0.0131,103,0.0056,,
65,6.0,Novo mesto,4.0,Trebnje,16877,12284,0.7279,12283,12128,155,1.0,1,108,0.0089,41,0.0034,469,0.0387,3241,0.2672,,,309,0.0255,33,0.0027,560,0.0462,267,0.022,177,0.0146,186,0.0153,1055,0.087,118,0.0097,750,0.0618,3608,0.2975,192,0.0158,610,0.0503,221,0.0182,120,0.0099,63,0.0052,,
66,6.0,Novo mesto,5.0,Brežice,21220,13663,0.6439,13663,13528,135,1.0,1,106,0.0078,10,0.0007,304,0.0225,5280,0.3903,,,705,0.0521,58,0.0043,500,0.037,205,0.0152,249,0.0184,180,0.0133,504,0.0373,159,0.0118,441,0.0326,3378,0.2497,235,0.0174,725,0.0536,271,0.02,106,0.0078,112,0.0083,,
67,6.0,Novo mesto,6.0,Krško,23408,15964,0.682,15963,15804,159,1.0,1,93,0.0059,22,0.0014,378,0.0239,5828,0.3688,,,484,0.0306,30,0.0019,469,0.0297,225,0.0142,259,0.0164,271,0.0171,919,0.0581,161,0.0102,750,0.0475,4024,0.2546,685,0.0433,686,0.0434,255,0.0161,133,0.0084,132,0.0084,,
68,6.0,Novo mesto,7.0,Sevnica,17115,11965,0.6991,11965,11831,134,1.0,1,137,0.0116,27,0.0023,418,0.0353,3767,0.3184,,,289,0.0244,30,0.0025,384,0.0325,239,0.0202,165,0.0139,180,0.0152,516,0.0436,148,0.0125,683,0.0577,3770,0.3187,226,0.0191,435,0.0368,249,0.021,86,0.0073,82,0.0069,,
69,6.0,Novo mesto,8.0,Laško,14854,10522,0.7084,10521,10403,118,1.0,1,60,0.0058,16,0.0015,316,0.0304,2732,0.2626,,,309,0.0297,53,0.0051,260,0.025,190,0.0183,145,0.0139,141,0.0136,859,0.0826,171,0.0164,282,0.0271,2443,0.2348,146,0.014,1876,0.1803,210,0.0202,127,0.0122,67,0.0064,,
70,6.0,Novo mesto,9.0,Litija,17194,12888,0.7496,12888,12748,140,1.0,1,111,0.0087,17,0.0013,352,0.0276,4520,0.3546,,,462,0.0362,38,0.003,473,0.0371,150,0.0118,166,0.013,212,0.0166,671,0.0526,198,0.0155,899,0.0705,3232,0.2535,142,0.0111,537,0.0421,276,0.0217,198,0.0155,94,0.0074,,
71,6.0,Novo mesto,10.0,Hrastnik-Trbovlje,21223,14831,0.6988,14831,14685,146,1.0,1,91,0.0062,10,0.0007,413,0.0281,6646,0.4526,,,698,0.0475,22,0.0015,547,0.0372,164,0.0112,280,0.0191,102,0.0069,501,0.0341,176,0.012,239,0.0163,2161,0.1472,135,0.0092,1525,0.1038,455,0.031,385,0.0262,135,0.0092,,
72,6.0,Novo mesto,11.0,Zagorje,13694,10272,0.7501,10272,10193,79,1.0,1,49,0.0048,8,0.0008,271,0.0266,4177,0.4098,,,376,0.0369,29,0.0028,770,0.0755,250,0.0245,132,0.013,73,0.0072,480,0.0471,129,0.0127,395,0.0388,1580,0.155,98,0.0096,673,0.066,280,0.0275,375,0.0368,48,0.0047,,
73,7.0,Maribor,,,208281,141498,0.6794,141461,140100,1361,1.0,11,945,0.0067,226,0.0016,4708,0.0336,47996,0.3426,168.0,0.0012,5571,0.0398,457,0.0033,3949,0.0282,2612,0.0186,1865,0.0133,2176,0.0155,7104,0.0507,2280,0.0163,7371,0.0526,35157,0.2509,2699,0.0193,8577,0.0612,3232,0.0231,1719,0.0123,1288,0.0092,,
74,7.0,Maribor,1.0,Šmarje pri Jelšah,27716,17969,0.6483,17965,17717,248,1.0,1,132,0.0075,25,0.0014,537,0.0303,4509,0.2545,22.0,0.0012,449,0.0253,52,0.0029,397,0.0224,548,0.0309,262,0.0148,196,0.0111,1757,0.0992,235,0.0133,2192,0.1237,4649,0.2624,299,0.0169,884,0.0499,292,0.0165,142,0.008,138,0.0078,,
75,7.0,Maribor,2.0,Slovenska Bistrica,25292,17856,0.706,17854,17683,171,1.0,1,143,0.0081,19,0.0011,612,0.0346,4913,0.2778,20.0,0.0011,445,0.0252,63,0.0036,404,0.0228,435,0.0246,212,0.012,285,0.0161,792,0.0448,250,0.0141,1218,0.0689,5871,0.332,452,0.0256,949,0.0537,301,0.017,157,0.0089,142,0.008,,
76,7.0,Maribor,3.0,Slovenske Konjice,19050,13951,0.7323,13948,13805,143,1.0,1,66,0.0048,29,0.0021,284,0.0206,3663,0.2653,12.0,0.0009,320,0.0232,36,0.0026,316,0.0229,344,0.0249,129,0.0093,178,0.0129,752,0.0545,163,0.0118,714,0.0517,4926,0.3568,652,0.0472,856,0.062,169,0.0122,121,0.0088,75,0.0054,,
77,7.0,Maribor,4.0,Ruše,12684,8733,0.6885,8733,8664,69,1.0,1,108,0.0125,11,0.0013,337,0.0389,3180,0.367,6.0,0.0007,435,0.0502,38,0.0044,333,0.0384,131,0.0151,94,0.0108,113,0.013,391,0.0451,151,0.0174,184,0.0212,1961,0.2263,118,0.0136,635,0.0733,198,0.0229,172,0.0199,68,0.0078,,
78,7.0,Maribor,5.0,Maribor 1,23511,16717,0.711,16709,16578,131,1.0,0,82,0.0049,25,0.0015,599,0.0361,6226,0.3756,20.0,0.0012,674,0.0407,41,0.0025,494,0.0298,254,0.0153,190,0.0115,245,0.0148,764,0.0461,283,0.0171,864,0.0521,3692,0.2227,279,0.0168,1072,0.0647,359,0.0217,214,0.0129,201,0.0121,,
79,7.0,Maribor,6.0,Maribor 2,21181,15008,0.7086,15007,14894,113,1.0,1,97,0.0065,16,0.0011,563,0.0378,5644,0.3789,21.0,0.0014,552,0.0371,43,0.0029,447,0.03,238,0.016,213,0.0143,295,0.0198,711,0.0477,232,0.0156,331,0.0222,3637,0.2442,256,0.0172,938,0.063,344,0.0231,167,0.0112,149,0.01,,
80,7.0,Maribor,7.0,Maribor 3,17439,11757,0.6742,11757,11638,119,1.0,1,55,0.0047,23,0.002,448,0.0385,3844,0.3303,15.0,0.0013,433,0.0372,70,0.006,274,0.0235,233,0.02,150,0.0129,156,0.0134,448,0.0385,194,0.0167,1018,0.0875,2925,0.2513,164,0.0141,602,0.0517,289,0.0248,159,0.0137,138,0.0119,,
81,7.0,Maribor,8.0,Maribor 4,14209,8900,0.6264,8899,8832,67,1.0,2,60,0.0068,13,0.0015,237,0.0268,3617,0.4095,5.0,0.0006,627,0.071,24,0.0027,310,0.0351,80,0.0091,115,0.013,210,0.0238,337,0.0382,177,0.02,185,0.0209,1554,0.176,98,0.0111,610,0.0691,325,0.0368,193,0.0219,55,0.0062,,
82,7.0,Maribor,9.0,Maribor 5,16737,10532,0.6293,10524,10403,121,1.0,1,74,0.0071,30,0.0029,413,0.0397,4255,0.409,9.0,0.0009,546,0.0525,30,0.0029,333,0.032,123,0.0118,170,0.0163,181,0.0174,399,0.0384,189,0.0182,212,0.0204,2060,0.198,128,0.0123,675,0.0649,306,0.0294,147,0.0141,123,0.0118,,
83,7.0,Maribor,10.0,Maribor 6,16215,11348,0.6998,11342,11253,89,1.0,1,62,0.0055,13,0.0012,327,0.0291,4629,0.4114,21.0,0.0019,605,0.0538,30,0.0027,377,0.0335,120,0.0107,194,0.0172,197,0.0175,456,0.0405,225,0.02,278,0.0247,2164,0.1923,128,0.0114,796,0.0707,382,0.0339,135,0.012,114,0.0101,,
84,7.0,Maribor,11.0,Maribor 7,14247,8727,0.6126,8723,8633,90,1.0,1,66,0.0076,22,0.0025,351,0.0407,3516,0.4073,17.0,0.002,485,0.0562,30,0.0035,264,0.0306,106,0.0123,136,0.0158,120,0.0139,297,0.0344,181,0.021,175,0.0203,1718,0.199,125,0.0145,560,0.0649,267,0.0309,112,0.013,85,0.0098,,
85,8.0,Ptuj,,,211042,137452,0.6513,137445,136074,1371,1.0,11,1349,0.0099,142,0.001,4499,0.0331,40990,0.3012,,,4168,0.0306,216,0.0016,3675,0.027,3655,0.0269,1705,0.0125,1971,0.0145,8750,0.0643,1638,0.012,6303,0.0463,39475,0.2901,3083,0.0227,10031,0.0737,2274,0.0167,915,0.0067,1012,0.0074,223.0,0.0016
86,8.0,Ptuj,1.0,Lendava,21398,12241,0.5721,12241,12107,134,1.0,2,124,0.0102,19,0.0016,352,0.0291,3810,0.3147,,,342,0.0282,9,0.0007,332,0.0274,187,0.0154,171,0.0141,149,0.0123,1361,0.1124,149,0.0123,297,0.0245,3778,0.3121,173,0.0143,537,0.0444,164,0.0135,85,0.007,50,0.0041,18.0,0.0015
87,8.0,Ptuj,2.0,Ormož,14290,9589,0.671,9589,9479,110,1.0,0,68,0.0072,5,0.0005,211,0.0223,2186,0.2306,,,199,0.021,15,0.0016,428,0.0452,656,0.0692,147,0.0155,118,0.0124,651,0.0687,80,0.0084,673,0.071,2893,0.3052,426,0.0449,456,0.0481,77,0.0081,44,0.0046,137,0.0145,9.0,0.0009
88,8.0,Ptuj,3.0,Ljutomer,15208,9889,0.6502,9886,9766,120,1.0,1,189,0.0194,9,0.0009,286,0.0293,3397,0.3478,,,298,0.0305,20,0.002,299,0.0306,269,0.0275,109,0.0112,172,0.0176,471,0.0482,120,0.0123,345,0.0353,2647,0.271,177,0.0181,637,0.0652,169,0.0173,61,0.0062,81,0.0083,10.0,0.001
89,8.0,Ptuj,4.0,Murska Sobota 1,24689,15354,0.6219,15354,15203,151,1.0,1,233,0.0153,16,0.0011,556,0.0366,4445,0.2924,,,464,0.0305,23,0.0015,481,0.0316,269,0.0177,130,0.0086,137,0.009,678,0.0446,144,0.0095,680,0.0447,3932,0.2586,344,0.0226,2165,0.1424,322,0.0212,86,0.0057,75,0.0049,23.0,0.0015
90,8.0,Ptuj,5.0,Murska Sobota 2,25086,16862,0.6722,16859,16694,165,1.0,1,123,0.0074,13,0.0008,415,0.0249,5329,0.3192,,,642,0.0385,29,0.0017,498,0.0298,198,0.0119,194,0.0116,239,0.0143,872,0.0522,235,0.0141,955,0.0572,3954,0.2369,302,0.0181,2175,0.1303,323,0.0193,105,0.0063,79,0.0047,14.0,0.0008
91,8.0,Ptuj,6.0,Gornja Radgona,17863,11850,0.6634,11850,11732,118,1.0,1,165,0.0141,19,0.0016,445,0.0379,3893,0.3318,,,418,0.0356,18,0.0015,290,0.0247,320,0.0273,218,0.0186,189,0.0161,798,0.068,187,0.0159,489,0.0417,2814,0.2399,292,0.0249,782,0.0667,213,0.0182,80,0.0068,73,0.0062,29.0,0.0025
92,8.0,Ptuj,7.0,Lenart,16338,10825,0.6626,10824,10721,103,1.0,1,91,0.0085,8,0.0007,400,0.0373,3003,0.2801,,,289,0.027,22,0.0021,229,0.0214,315,0.0294,112,0.0104,196,0.0183,811,0.0756,133,0.0124,447,0.0417,3630,0.3386,204,0.019,527,0.0492,132,0.0123,93,0.0087,59,0.0055,20.0,0.0019
93,8.0,Ptuj,8.0,Pesnica,17937,11661,0.6501,11661,11565,96,1.0,1,86,0.0074,18,0.0016,554,0.0479,3924,0.3393,,,327,0.0283,20,0.0017,279,0.0241,218,0.0188,132,0.0114,137,0.0118,585,0.0506,148,0.0128,243,0.021,3527,0.305,217,0.0188,629,0.0544,253,0.0219,113,0.0098,131,0.0113,24.0,0.0021
94,8.0,Ptuj,9.0,Ptuj 1,21444,14858,0.6929,14858,14702,156,1.0,1,88,0.006,10,0.0007,569,0.0387,3762,0.2559,,,358,0.0244,27,0.0018,256,0.0174,468,0.0318,200,0.0136,223,0.0152,935,0.0636,157,0.0107,1137,0.0773,4918,0.3345,415,0.0282,747,0.0508,220,0.015,90,0.0061,100,0.0068,22.0,0.0015
95,8.0,Ptuj,10.0,Ptuj 2,17082,11555,0.6764,11555,11482,73,1.0,1,62,0.0054,12,0.001,323,0.0281,3976,0.3463,,,516,0.0449,18,0.0016,284,0.0247,239,0.0208,126,0.011,252,0.0219,689,0.06,158,0.0138,325,0.0283,3050,0.2656,225,0.0196,797,0.0694,225,0.0196,85,0.0074,101,0.0088,19.0,0.0017
96,8.0,Ptuj,11.0,Ptuj 3,19707,12768,0.6479,12768,12623,145,1.0,1,120,0.0095,13,0.001,388,0.0307,3265,0.2587,,,315,0.025,15,0.0012,299,0.0237,516,0.0409,166,0.0132,159,0.0126,899,0.0712,127,0.0101,712,0.0564,4332,0.3432,308,0.0244,579,0.0459,176,0.0139,73,0.0058,126,0.01,35.0,0.0028
