enota,okraj,id,naslov,Latitude,Longitude
VE 2000 - POSTOJNA,VO 2006 - SEŽANA,36,"Štanjel, ZDD, Štanjel 59 A",45.70924,13.87333
VE 2000 - POSTOJNA,VO 2006 - SEŽANA,39,"Hruševica, vaški dom, Hruševica bš",45.70924,13.87333
VE 2000 - POSTOJNA,VO 2006 - SEŽANA,41,"Dolnje Ležeče, vaški dom, Dolnje Ležeče bš",45.70924,13.87333
VE 2000 - POSTOJNA,VO 2006 - SEŽANA,42,"Naklo, vaški dom,  Naklo bš",45.70924,13.87333
VE 2000 - POSTOJNA,VO 2006 - SEŽANA,43,"Dane pri Divači, vaški dom, Dane pri Divači bš",45.0,20.0
VE 2000 - POSTOJNA,VO 2006 - SEŽANA,44,"Famlje, v dvorani Rudnik Vreme, Famlje 2 a",14.3344,43.7947
VE 2000 - POSTOJNA,VO 2006 - SEŽANA,45,"Gornje Ležeče, v hiši Jožeta Čeperja, G.Ležeče 16",14.3344,43.7947
VE 2000 - POSTOJNA,VO 2006 - SEŽANA,47,"Vareje, vaški dom, Vareje bš",45.70924,13.87333
VE 2000 - POSTOJNA,VO 2006 - SEŽANA,48,"Senožeče, VD R. Cvetka, Senožeče bš",45.70924,13.87333
VE 2000 - POSTOJNA,VO 2006 - SEŽANA,50,"Hrpelje, vaški dom Hrpelje, Na  Gorici 2a",45.70924,13.87333
VE 2000 - POSTOJNA,VO 2006 - SEŽANA,52,"Krvavi Potok, vaški dom, Krvavi Potok 16 h",14.3344,43.7947
VE 2000 - POSTOJNA,VO 2006 - SEŽANA,54,"Vrhpolje, vaški dom, Vrhpolje 9 b",45.70924,13.87333
VE 2000 - POSTOJNA,VO 2006 - SEŽANA,55,"Artviže, vaški dom, Artviže 6a",45.70924,13.87333
VE 2000 - POSTOJNA,VO 2006 - SEŽANA,56,"Gradišče pri Materiji, prostori KS, Gradišče 42 a",14.3344,43.7947
VE 2000 - POSTOJNA,VO 2006 - SEŽANA,57,"Bač pri Materiji, GD, Bač pri Materiji 28b",14.3344,43.7947
VE 2000 - POSTOJNA,VO 2006 - SEŽANA,59,"Ocizla, vaška hiša, Ocizla bš",45.70924,13.87333
VE 2000 - POSTOJNA,VO 2006 - SEŽANA,60,"Obrov, prostori balinišča, Obrov 62 d",45.70924,13.87333
VE 2000 - POSTOJNA,VO 2006 - SEŽANA,69,"Javorje, vaški dom, Javorje 21 a",45.70924,13.87333
VE 2000 - POSTOJNA,VO 2007 - ILIRSKA BISTRICA,2,"Prostori Društva Sožitje, Levstikova 5,  Il. Bist",45.5675,14.29056
VE 2000 - POSTOJNA,VO 2007 - ILIRSKA BISTRICA,27,"Račice, Na plesišču",45.5675,14.29056
VE 2000 - POSTOJNA,VO 2008 - POSTOJNA,19,"Mala dvorana KD Postojna, Gregorčičev drev. 2b, Po",46.82995,6.83003
VE 2000 - POSTOJNA,VO 2010 - NOVA GORICA 2,5,"Mestna občina NG-sejna dvorana, Trg E. Kardelja 1",45.815,19.63611
VE 2000 - POSTOJNA,VO 2010 - NOVA GORICA 2,10,"Mestna občina NG-Sejna dvorana, Trg E. Kardelja 1",45.815,19.63611
VE 2000 - POSTOJNA,VO 2010 - NOVA GORICA 2,26,"Vrtec Julke Pavletič, Ulica L.Slokarja 8",45.95604,13.64837
VE 3000 - LJUBLJANA CENTER,VO 3003 - LJUBLJANA VIČ-RUDNIK 1,8,"ZDD Notranje Gorice, Podpeška c. 380, Notranje G.",13.9298,44.6277
VE 3000 - LJUBLJANA CENTER,VO 3003 - LJUBLJANA VIČ-RUDNIK 1,9,"ZDD Notranje Gorice, Podpeška c. 380, Notranje G.",13.9298,44.6277
VE 3000 - LJUBLJANA CENTER,VO 3006 - LJUBLJANA VIČ-RUDNIK 4,23,"Tehnološki park LJ, Tehnološki park 19 (stavba B)",46.00779,14.46968
VE 3000 - LJUBLJANA CENTER,VO 3006 - LJUBLJANA VIČ-RUDNIK 4,26,"Tehnološki park LJ, Tehnološki park 19 (stavba B)",46.00779,14.46968
VE 4000 - LJUBLJANA BEŽIGRAD,VO 4001 - KOČEVJE,1,"Polom, Polom bš - VD",46.2389,14.3556
VE 4000 - LJUBLJANA BEŽIGRAD,VO 4001 - KOČEVJE,9,"v Kočevju, Roška cesta 10 - GD",46.2389,14.3556
VE 7000 - MARIBOR,VO 7011 - MARIBOR 7,13,"OŠ borcev za sev. mejo, Borcev za sev. mejo 16",45.0,20.0
VE 8000 - PTUJ,VO 8001 - LENDAVA,4,"Črenšovci I,Kulturna dvorana, Ul. Prekm. čete 23",46.56494,16.45091
VE 8000 - PTUJ,VO 8001 - LENDAVA,13,"Dolina - stara šola, Dolina, Glavna ul. 5",45.8296,15.1997
VE 8000 - PTUJ,VO 8001 - LENDAVA,15,"Petišovci I, gasilski dom, Rudarska ul. 24",45.8296,15.1997
VE 8000 - PTUJ,VO 8001 - LENDAVA,16,"Petišovci II, gasilski dom, Rudarska ul. 24",45.8296,15.1997
VE 8000 - PTUJ,VO 8001 - LENDAVA,24,"Mostje - NK Mostje, Mostje brez hš.",45.8296,15.1997
VE 8000 - PTUJ,VO 8001 - LENDAVA,25,"DOŠ, Genterovci, Šolska ul.2",45.8296,15.1997
VE 8000 - PTUJ,VO 8001 - LENDAVA,31,"Stara šola Gornji Lakoš, G.Lakoš,Glavna ul.61",45.8296,15.1997
VE 8000 - PTUJ,VO 8001 - LENDAVA,32,"Vaški dom, Dolnji Lakoš, Gasilska ul. 1",45.8296,15.1997
VE 8000 - PTUJ,VO 8001 - LENDAVA,34,"Stara šola Kapca, Kapca, Glavna ul.6",45.8296,15.1997
VE 8000 - PTUJ,VO 8001 - LENDAVA,35,"Vaški dom Kot, Kot, Mlinska ulica 21",45.8296,15.1997
VE 8000 - PTUJ,VO 8001 - LENDAVA,37,"Odranci I, Vaški dom Odranci, Panonska ul.33",45.8296,15.1997
VE 8000 - PTUJ,VO 8001 - LENDAVA,38,"Odranci II, Vaški dom Odranci, Panonska ul.33",45.8296,15.1997
VE 8000 - PTUJ,VO 8001 - LENDAVA,39,"Odranci III, Vaški dom Odranci, Panonska ul.33",45.8296,15.1997
VE 8000 - PTUJ,VO 8001 - LENDAVA,43,"Turnišče I, Občina Turnišče, Ul. Št. Kovača 73",46.56494,16.45091
VE 8000 - PTUJ,VO 8001 - LENDAVA,44,"Dobrovnik II, DOŠ Dobrovnik,Dobrovnik 266j",45.8296,15.1997
VE 8000 - PTUJ,VO 8001 - LENDAVA,46,"Črenšovci II,Kulturna dvorana, Ul. Prekm. čete 23",46.56494,16.45091
VE 8000 - PTUJ,VO 8003 - LJUTOMER,20,"MORAVCI V SL. GOR.-BIOTERME, Moravci v Sl. gor.34b",41.66667,2.0
VE 8000 - PTUJ,VO 8004 - MURSKA SOBOTA 1,8,"Vaško-kulturni dom Topolovci, Topolovci b.š.",,
VE 8000 - PTUJ,VO 8004 - MURSKA SOBOTA 1,17,"Vaško-gasilski dom Gederovci, Gederovci b.š.",,
VE 8000 - PTUJ,VO 8004 - MURSKA SOBOTA 1,20,"Vaško-gasilski dom Sodišinci, Sodišinci b.š.",,
VE 8000 - PTUJ,VO 8004 - MURSKA SOBOTA 1,22,"Športni center Košarovci, Košarovci b.š.",,
VE 8000 - PTUJ,VO 8004 - MURSKA SOBOTA 1,45,"Vaško-gasilski dom Dol.Slaveči, Dol. Slaveči 50",,
VE 8000 - PTUJ,VO 8005 - MURSKA SOBOTA 2,1,"Beltinci I, KD Beltinci, Ul. Štefana Kovača 1a",,
VE 8000 - PTUJ,VO 8005 - MURSKA SOBOTA 2,2,"Beltinci II, KD Beltinci., Ul. Štefana Kovača 1a",,
VE 8000 - PTUJ,VO 8005 - MURSKA SOBOTA 2,14,"Moravske Toplice I, Gasilski dom, Dolga ul. 63",,
VE 8000 - PTUJ,VO 8005 - MURSKA SOBOTA 2,15,"Moravske Toplice II, Gasilski dom, Dolga ul. 223",,
VE 8000 - PTUJ,VO 8005 - MURSKA SOBOTA 2,27,"Vaški dom Rakičan, Rakičan, Zvezna ul. 4",,
VE 8000 - PTUJ,VO 8005 - MURSKA SOBOTA 2,28,"MČ CENTER I, PIŠK M.Sobota, Zvezna ulica 10",,
VE 8000 - PTUJ,VO 8005 - MURSKA SOBOTA 2,29,"MČ CENTER II, PIŠK M.Sobota, Zvezna ulica 10",,
VE 8000 - PTUJ,VO 8005 - MURSKA SOBOTA 2,30,"MČ CENTER III, LU M.Sobota, Slomškova ulica 33",,
VE 8000 - PTUJ,VO 8005 - MURSKA SOBOTA 2,31,"MČ CENTER IV, LU M.Sobota, Slomškova ulica 33",,
VE 8000 - PTUJ,VO 8005 - MURSKA SOBOTA 2,34,"MČ PARK I, OŠ I M.Sobota, Ul. Štefana Kovača 32",,
VE 8000 - PTUJ,VO 8005 - MURSKA SOBOTA 2,35,"MČ PARK II, OŠ I M.Sobota, Ul. Štefana Kovača 32",,
VE 8000 - PTUJ,VO 8005 - MURSKA SOBOTA 2,37,"MČ PARTIZAN II, OŠ III,M.Sobota,Trstenjakova u.73",,
VE 8000 - PTUJ,VO 8005 - MURSKA SOBOTA 2,38,"MČ TUROPOLJE I, OŠ II, M.Sobota,Cankarjeva ul. 91",,
VE 8000 - PTUJ,VO 8005 - MURSKA SOBOTA 2,39,"MČ TUROPOLJE II, OŠ II M.Sobota,Cankarjeva ul. 91",,
VE 8000 - PTUJ,VO 8006 - GORNJA RADGONA,10,"Osnovna šola G. RADGONA, Prežihova ul. 1 - VHOD1",46.67333,15.99222
VE 8000 - PTUJ,VO 8006 - GORNJA RADGONA,11,"Osnovna šola G. RADGONA, Prežihova ul. 1 - VHOD3",46.67333,15.99222
VE 8000 - PTUJ,VO 8007 - LENART,13,"Avla Občine Lenart, Trg osvobod. 7",46.55799,15.81383
VE 8000 - PTUJ,VO 8007 - LENART,14,"Center Slovenskih goric, Trg osvobod. 9",46.55799,15.81383
VE 8000 - PTUJ,VO 8010 - PTUJ 2,1,"Magistrat, Spr. pisarna, Mestni trg 1",47.28167,8.45023
VE 8000 - PTUJ,VO 8010 - PTUJ 2,2,"OŠ Olge Meglič, Telovadnica, Prešernova ul. 29",46.42005,15.87018
VE 8000 - PTUJ,VO 8010 - PTUJ 2,3,"Vrtec Ptuj, Enota Mačice, Potrčeva c. 9a",46.42005,15.87018
VE 8000 - PTUJ,VO 8010 - PTUJ 2,4,"Vrtec Ptuj, Enota Mačice, Potrčeva c. 9a",46.42005,15.87018
VE 8000 - PTUJ,VO 8010 - PTUJ 2,11,"Vrtec Ptuj, Enota Mačice, Potrčeva c. 9a",46.42005,15.87018
VE 8000 - PTUJ,VO 8011 - PTUJ 3,21,"Dvorana Lovrenc na Dr. p., Lovrenc na Dr. p. 8",45.0,20.0
VE 8000 - PTUJ,VO 8011 - PTUJ 3,37,"GD Medvedce, Medvedce 19a",26.91667,87.91667
