,Volilna_Enota,Volilni_Okraj,Volilni_Okraj_Ime,Št. volilnih upr.,Udelezba-N,Udelezba-%,Št. oddanih glasovnic,Št. veljavnih glasovnic,Št. neveljavnih glasovnic,Odstotek preštetih glasovnic,ZA-N,ZA-%,PROTI-N,PROTI-%
0,,,,1695039,696341,0.4108,696294,693849,2445,1.0,323047,0.465587,370802,0.534413
1,1.0,,,208882,93992,0.45,93991,93613,378,1.0,41380,0.442033,52233,0.557967
2,1.0,1.0,Jesenice,26003,8524,0.3278,8524,8486,38,1.0,4467,0.526396,4019,0.473604
3,1.0,2.0,Radovljica 1,13466,6095,0.4526,6095,6068,27,1.0,2854,0.470336,3214,0.529664
4,1.0,3.0,Radovljica 2,15994,7081,0.4427,7081,7052,29,1.0,3711,0.526234,3341,0.473766
5,1.0,4.0,Kranj 1,20281,8458,0.417,8458,8421,37,1.0,4387,0.52096,4034,0.47904
6,1.0,5.0,Kranj 2,20453,8686,0.4247,8686,8666,20,1.0,4241,0.489384,4425,0.510616
7,1.0,6.0,Kranj 3,24640,12952,0.5256,12952,12905,47,1.0,4876,0.377838,8029,0.622162
8,1.0,7.0,Tržič,12369,5009,0.405,5009,4995,14,1.0,2455,0.491491,2540,0.508509
9,1.0,8.0,Škofja Loka 1,18686,9327,0.4991,9326,9281,45,1.0,3733,0.40222,5548,0.59778
10,1.0,9.0,Škofja Loka 2,15538,8545,0.5499,8545,8510,35,1.0,2449,0.287779,6061,0.712221
11,1.0,10.0,Kamnik,28207,13196,0.4678,13196,13151,45,1.0,5621,0.42742,7530,0.57258
12,1.0,11.0,Idrija,13245,6054,0.4571,6054,6013,41,1.0,2544,0.423083,3469,0.576917
13,2.0,,,209195,80905,0.3867,80899,80479,420,1.0,39787,0.494377,40692,0.505623
14,2.0,1.0,Tolmin,15751,7131,0.4527,7131,7095,36,1.0,2795,0.393939,4300,0.606061
15,2.0,2.0,Piran,14546,4400,0.3025,4397,4375,22,1.0,2804,0.640914,1571,0.359086
16,2.0,3.0,Izola,12501,4282,0.3425,4280,4266,14,1.0,2674,0.626817,1592,0.373183
17,2.0,4.0,Koper 1,18315,5860,0.32,5860,5842,18,1.0,3782,0.647381,2060,0.352619
18,2.0,5.0,Koper 2,25479,8717,0.3421,8717,8678,39,1.0,4920,0.566951,3758,0.433049
19,2.0,6.0,Sežana,22330,8268,0.3703,8268,8220,48,1.0,4508,0.548418,3712,0.451582
20,2.0,7.0,Ilirska Bistrica,12643,4369,0.3456,4369,4342,27,1.0,1819,0.418931,2523,0.581069
21,2.0,8.0,Postojna,18101,7072,0.3907,7072,7037,35,1.0,3195,0.454029,3842,0.545971
22,2.0,9.0,Nova Gorica 1,24939,10749,0.431,10749,10685,64,1.0,4752,0.444736,5933,0.555264
23,2.0,10.0,Nova Gorica 2,23827,9571,0.4017,9571,9513,58,1.0,5299,0.557027,4214,0.442973
24,2.0,11.0,Ajdovščina,20763,10445,0.5031,10444,10388,56,1.0,3219,0.309877,7169,0.690123
25,3.0,,,221553,99551,0.4493,99539,99167,372,1.0,51858,0.522936,47309,0.477064
26,3.0,1.0,Logatec,25267,11923,0.4719,11915,11860,55,1.0,4761,0.401433,7099,0.598567
27,3.0,2.0,Vrhnika,20400,9634,0.4723,9634,9588,46,1.0,4598,0.479558,4990,0.520442
28,3.0,3.0,Ljubljana Vič-Rudnik 1,26243,12356,0.4708,12356,12315,41,1.0,5598,0.454568,6717,0.545432
29,3.0,4.0,Ljubljana Vič-Rudnik 2,17061,7278,0.4266,7277,7251,26,1.0,4124,0.568749,3127,0.431251
30,3.0,5.0,Ljubljana Vič-Rudnik 3,16498,7428,0.4502,7426,7399,27,1.0,4543,0.614002,2856,0.385998
31,3.0,6.0,Ljubljana Vič-Rudnik 4,22079,10562,0.4784,10562,10523,39,1.0,4671,0.443885,5852,0.556115
32,3.0,7.0,Ljubljana Center,22124,8036,0.3632,8036,8014,22,1.0,5151,0.64275,2863,0.35725
33,3.0,8.0,Ljubljana Šiška 1,13902,5719,0.4114,5719,5696,23,1.0,3787,0.664853,1909,0.335147
34,3.0,9.0,Ljubljana Šiška 2,18178,7904,0.4348,7904,7878,26,1.0,4962,0.629855,2916,0.370145
35,3.0,10.0,Ljubljana Šiška 3,16751,7469,0.4459,7468,7455,13,1.0,4273,0.573172,3182,0.426828
36,3.0,11.0,Ljubljana Šiška 4,23050,11198,0.4858,11198,11144,54,1.0,5362,0.481156,5782,0.518844
37,4.0,,,209881,90548,0.4314,90540,90212,328,1.0,43194,0.478805,47018,0.521195
38,4.0,1.0,Kočevje,14091,4407,0.3128,4406,4394,12,1.0,2239,0.509558,2155,0.490442
39,4.0,2.0,Ribnica-Dobrepolje,14613,6811,0.4661,6811,6789,22,1.0,1797,0.264693,4992,0.735307
40,4.0,3.0,Grosuplje,16333,7613,0.4661,7613,7590,23,1.0,2821,0.371673,4769,0.628327
41,4.0,4.0,Ivančna Gorica,13429,6620,0.493,6620,6592,28,1.0,1925,0.292021,4667,0.707979
42,4.0,5.0,Ljubljana Moste-Polje 1,23413,9919,0.4237,9918,9880,38,1.0,4819,0.487753,5061,0.512247
43,4.0,6.0,Ljubljana Moste-Polje 2,14874,5308,0.3569,5306,5293,13,1.0,3053,0.5768,2240,0.4232
44,4.0,7.0,Ljubljana Moste-Polje 3,19970,7673,0.3842,7673,7638,35,1.0,4292,0.561927,3346,0.438073
45,4.0,8.0,Ljubljana Bežigrad 1,23605,10867,0.4604,10867,10816,51,1.0,6222,0.575259,4594,0.424741
46,4.0,9.0,Ljubljana Bežigrad 2,21553,8500,0.3944,8498,8471,27,1.0,5470,0.645732,3001,0.354268
47,4.0,10.0,Domžale 1,24981,11874,0.4753,11874,11831,43,1.0,4957,0.418984,6874,0.581016
48,4.0,11.0,Domžale 2,23019,10866,0.472,10866,10830,36,1.0,5550,0.512465,5280,0.487535
49,5.0,,,210785,85834,0.4072,85832,85583,249,1.0,37292,0.435741,48291,0.564259
50,5.0,1.0,Šentjur,17149,7267,0.4238,7267,7235,32,1.0,2300,0.317899,4935,0.682101
51,5.0,2.0,Celje 1,29529,12077,0.409,12076,12049,27,1.0,5023,0.416881,7026,0.583119
52,5.0,3.0,Celje 2,21269,7928,0.3727,7928,7898,30,1.0,4372,0.553558,3526,0.446442
53,5.0,4.0,Žalec 1,18285,7850,0.4293,7850,7822,28,1.0,3480,0.444899,4342,0.555101
54,5.0,5.0,Žalec 2,18899,8393,0.4441,8392,8358,34,1.0,3837,0.459081,4521,0.540919
55,5.0,6.0,Mozirje,13562,6218,0.4585,6218,6204,14,1.0,1934,0.311734,4270,0.688266
56,5.0,7.0,Velenje 1,16048,6005,0.3742,6005,5995,10,1.0,2935,0.489575,3060,0.510425
57,5.0,8.0,Velenje 2,17211,6910,0.4015,6910,6894,16,1.0,2750,0.398898,4144,0.601102
58,5.0,9.0,Slovenj Gradec,17965,7490,0.4169,7490,7469,21,1.0,3429,0.459098,4040,0.540902
59,5.0,10.0,Ravne na Koroškem,20502,8063,0.3933,8063,8045,18,1.0,4005,0.497825,4040,0.502175
60,5.0,11.0,Radlje,20366,7586,0.3725,7586,7567,19,1.0,3202,0.423153,4365,0.576847
61,6.0,,,217946,88285,0.4051,88281,87982,299,1.0,37004,0.420586,50978,0.579414
62,6.0,1.0,Črnomelj,22772,8490,0.3728,8490,8454,36,1.0,3593,0.425006,4861,0.574994
63,6.0,2.0,Novo mesto 1,24497,10998,0.449,10997,10964,33,1.0,3196,0.291499,7768,0.708501
64,6.0,3.0,Novo mesto 2,25892,10759,0.4155,10759,10704,55,1.0,4788,0.447309,5916,0.552691
65,6.0,4.0,Trebnje,17226,7791,0.4523,7791,7771,20,1.0,2580,0.332004,5191,0.667996
66,6.0,5.0,Brežice,21142,7317,0.3461,7316,7295,21,1.0,3317,0.454695,3978,0.545305
67,6.0,6.0,Krško,23218,8997,0.3875,8997,8969,28,1.0,3567,0.397703,5402,0.602297
68,6.0,7.0,Sevnica,17003,7139,0.4199,7139,7125,14,1.0,2555,0.358596,4570,0.641404
69,6.0,8.0,Laško,14582,5850,0.4012,5849,5832,17,1.0,2480,0.42524,3352,0.57476
70,6.0,9.0,Litija,17286,7813,0.452,7812,7778,34,1.0,3234,0.415788,4544,0.584212
71,6.0,10.0,Hrastnik-Trbovlje,20724,7358,0.355,7358,7342,16,1.0,4712,0.641787,2630,0.358213
72,6.0,11.0,Zagorje,13604,5715,0.4201,5715,5690,25,1.0,2948,0.518102,2742,0.481898
73,7.0,,,206760,76383,0.3694,76371,76172,199,1.0,37238,0.488867,38934,0.511133
74,7.0,1.0,Šmarje pri Jelšah,27888,9786,0.3509,9786,9767,19,1.0,3298,0.337668,6469,0.662332
75,7.0,2.0,Slovenska Bistrica,25195,10246,0.4067,10246,10222,24,1.0,4287,0.41939,5935,0.58061
76,7.0,3.0,Slovenske Konjice,19027,8291,0.4357,8290,8271,19,1.0,2849,0.344457,5422,0.655543
77,7.0,4.0,Ruše,12527,4483,0.3579,4482,4475,7,1.0,2361,0.527598,2114,0.472402
78,7.0,5.0,Maribor 1,23675,9030,0.3814,9026,9000,26,1.0,4866,0.540667,4134,0.459333
79,7.0,6.0,Maribor 2,21115,7939,0.376,7935,7907,28,1.0,4275,0.54066,3632,0.45934
80,7.0,7.0,Maribor 3,17414,6160,0.3537,6160,6144,16,1.0,2950,0.480143,3194,0.519857
81,7.0,8.0,Maribor 4,13845,4668,0.3372,4668,4656,12,1.0,2922,0.627577,1734,0.372423
82,7.0,9.0,Maribor 5,17000,5391,0.3171,5391,5380,11,1.0,3211,0.59684,2169,0.40316
83,7.0,10.0,Maribor 6,15757,6073,0.3854,6072,6051,21,1.0,3649,0.603041,2402,0.396959
84,7.0,11.0,Maribor 7,13317,4273,0.3209,4272,4256,16,1.0,2542,0.597274,1714,0.402726
85,8.0,,,210032,75966,0.3617,75964,75773,191,1.0,32440,0.428121,43333,0.571879
86,8.0,1.0,Lendava,21173,6472,0.3057,6472,6457,15,1.0,2465,0.381756,3992,0.618244
87,8.0,2.0,Ormož,14064,5172,0.3677,5172,5158,14,1.0,2161,0.418961,2997,0.581039
88,8.0,3.0,Ljutomer,15084,5312,0.3522,5311,5297,14,1.0,2439,0.460449,2858,0.539551
89,8.0,4.0,Murska Sobota 1,24309,8508,0.35,8508,8468,40,1.0,3808,0.449693,4660,0.550307
90,8.0,5.0,Murska Sobota 2,24817,9301,0.3748,9301,9273,28,1.0,4534,0.488946,4739,0.511054
91,8.0,6.0,Gornja Radgona,17774,6482,0.3647,6482,6468,14,1.0,2918,0.451144,3550,0.548856
92,8.0,7.0,Lenart,16685,6065,0.3635,6065,6056,9,1.0,2125,0.350892,3931,0.649108
93,8.0,8.0,Pesnica,18144,5966,0.3288,5966,5962,4,1.0,2815,0.472157,3147,0.527843
94,8.0,9.0,Ptuj 1,21430,8566,0.3997,8565,8552,13,1.0,3145,0.36775,5407,0.63225
95,8.0,10.0,Ptuj 2,16953,6362,0.3753,6362,6349,13,1.0,3229,0.508584,3120,0.491416
96,8.0,11.0,Ptuj 3,19599,7724,0.3941,7724,7699,25,1.0,2782,0.361346,4917,0.638654
