,Volilna_Enota,Volilni_Okraj,Volilni_Okraj_Ime,Št. volilnih upr.,Udelezba-N,Udelezba-%,Št. oddanih glasovnic,Št. veljavnih glasovnic,Št. neveljavnih glasovnic,Odstotek preštetih glasovnic,SD-N,SD-%,SD-n,RESNICA-N,RESNICA-%,RESNICA-n,MI_SOCIALISTI-N,MI_SOCIALISTI-%,MI_SOCIALISTI-n,GLAS_UPOKOJENCEV-n,GLAS_UPOKOJENCEV-%,GLAS_UPOKOJENCEV-n.1,SDS-N,SDS-%,SDS-n,LEVICA-N,LEVICA-%,LEVICA-n,ZAUPANJE- št. glasov,ZAUPANJE- odstotek,ZAUPANJE- št. mandatov,PREROD-N,PREROD-%,PREROD- št. mandatov,PIRATI-N,PIRATI-%,PIRATI-n,NSI-N,NSI-%,NSI-n,SVOBODA-N,SVOBODA-%,SVOBODA-n,ZELENI+SG- št. glasov,ZELENI+SG- odstotek,ZELENI+SG- št. mandatov,SLOGA- št. glasov,SLOGA- odstotek,SLOGA- št. mandatov,REŠITEV- št. glasov,REŠITEV- odstotek,REŠITEV- št. mandatov,DEMOKRATI-N,DEMOKRATI-%,DEMOKRATI-n,SNS- št. glasov,SNS- odstotek,SNS- št. mandatov,ALTERNATIVA- št. glasov,ALTERNATIVA- odstotek,ALTERNATIVA- št. mandatov
0,,,,1695220,1186519,0.6999,1186407,1175434,10973,0.9999,78883,0.06711,6.0,64695,0.055039,5.0,5610,0.004773,0.0,4176,0.003553,0.0,327973,0.279023,28.0,66351,0.056448,5.0,2987,0.002541,0.0,35876,0.030521,0.0,27706,0.023571,0.0,108884,0.092633,9.0,336930,0.286643,29.0,5236,0.004455,0.0,250.0,0.000213,0.0,164.0,0.00014,0.0,78620,0.066886,6.0,26319,0.022391,0.0,4774,0.004061,0.0
1,1.0,,,208966,152437,0.7295,152424,150899,1525,0.9999,8082,0.053559,0.0,10624,0.070405,1.0,778,0.005156,0.0,689,0.004566,0.0,41757,0.276722,3.0,8918,0.059099,1.0,436,0.002889,0.0,5285,0.035023,0.0,3919,0.025971,0.0,16823,0.111485,2.0,39452,0.261446,3.0,553,0.003665,0.0,,,,,,,10000,0.066269,1.0,2904,0.019245,0.0,679,0.0045,0.0
2,1.0,1.0,Jesenice,25995,16414,0.6314,16414,16205,209,1.0,896,0.055292,,1508,0.093058,,112,0.006911,,101,0.006233,,3480,0.214749,,845,0.052144,,54,0.003332,,747,0.046097,,406,0.025054,,929,0.057328,,5948,0.367047,,60,0.003703,,,,,,,,756,0.046652,,288,0.017772,,75,0.004628,
3,1.0,2.0,Radovljica 1,13446,9867,0.7338,9867,9750,117,1.0,529,0.054256,,556,0.057026,,73,0.007487,,41,0.004205,,2760,0.283077,,625,0.064103,,23,0.002359,,651,0.066769,,275,0.028205,,930,0.095385,,2334,0.239385,,40,0.004103,,,,,,,,655,0.067179,,204,0.020923,,54,0.005538,
4,1.0,3.0,Radovljica 2,16007,11604,0.7249,11604,11494,110,1.0,640,0.055681,,872,0.075866,,61,0.005307,,53,0.004611,,2808,0.244301,,792,0.068906,,29,0.002523,,437,0.03802,,346,0.030103,,1075,0.093527,,3050,0.265356,,46,0.004002,,,,,,,,1016,0.088394,,208,0.018096,,61,0.005307,
5,1.0,4.0,Kranj 1,20303,14150,0.6969,14147,14022,125,0.9998,788,0.056197,,1353,0.096491,,64,0.004564,,46,0.003281,,3254,0.232064,,1074,0.076594,,49,0.003495,,434,0.030951,,403,0.028741,,1065,0.075952,,4152,0.296106,,48,0.003423,,,,,,,,991,0.070675,,233,0.016617,,68,0.00485,
6,1.0,5.0,Kranj 2,20478,14789,0.7222,14788,14646,142,0.9999,755,0.05155,,1698,0.115936,,85,0.005804,,67,0.004575,,3392,0.231599,,1006,0.068688,,42,0.002868,,486,0.033183,,398,0.027175,,1491,0.101803,,3946,0.269425,,70,0.004779,,,,,,,,883,0.060289,,271,0.018503,,56,0.003824,
7,1.0,6.0,Kranj 3,24697,19607,0.7939,19601,19429,172,0.9997,912,0.04694,,1162,0.059808,,74,0.003809,,89,0.004581,,6366,0.327655,,878,0.04519,,61,0.00314,,641,0.032992,,515,0.026507,,2710,0.139482,,3900,0.200731,,80,0.004118,,,,,,,,1594,0.082042,,378,0.019455,,69,0.003551,
8,1.0,7.0,Tržič,12371,8631,0.6977,8630,8533,97,0.9999,514,0.060237,,627,0.073479,,41,0.004805,,59,0.006914,,2212,0.259229,,431,0.05051,,17,0.001992,,281,0.032931,,202,0.023673,,717,0.084027,,2520,0.295324,,28,0.003281,,,,,,,,616,0.07219,,221,0.025899,,47,0.005508,
9,1.0,8.0,Škofja Loka 1,18705,14167,0.7574,14167,14027,140,1.0,645,0.045983,,799,0.056962,,103,0.007343,,54,0.00385,,4068,0.290012,,1027,0.073216,,23,0.00164,,416,0.029657,,302,0.02153,,2098,0.149569,,3332,0.237542,,41,0.002923,,,,,,,,819,0.058387,,237,0.016896,,63,0.004491,
10,1.0,9.0,Škofja Loka 2,15552,12594,0.8098,12594,12490,104,1.0,609,0.048759,,524,0.041954,,33,0.002642,,40,0.003203,,5099,0.408247,,602,0.048199,,39,0.003122,,265,0.021217,,237,0.018975,,2182,0.1747,,1936,0.155004,,40,0.003203,,,,,,,,637,0.051001,,201,0.016093,,46,0.003683,
11,1.0,10.0,Kamnik,28184,20837,0.7393,20835,20678,157,0.9999,1054,0.050972,,1088,0.052616,,85,0.004111,,96,0.004643,,5497,0.265838,,1220,0.059,,69,0.003337,,653,0.031579,,582,0.028146,,2593,0.125399,,5664,0.273914,,70,0.003385,,,,,,,,1467,0.070945,,445,0.02152,,95,0.004594,
12,1.0,11.0,Idrija,13228,9777,0.7391,9777,9625,152,1.0,740,0.076883,,437,0.045403,,47,0.004883,,43,0.004468,,2821,0.293091,,418,0.043429,,30,0.003117,,274,0.028468,,253,0.026286,,1033,0.107325,,2670,0.277403,,30,0.003117,,,,,,,,566,0.058805,,218,0.022649,,45,0.004675,
13,2.0,,,209326,141366,0.6753,141351,139801,1550,0.9999,10335,0.073927,1.0,6841,0.048934,0.0,925,0.006617,0.0,551,0.003941,0.0,31439,0.224884,4.0,8489,0.060722,1.0,321,0.002296,0.0,3865,0.027646,0.0,3548,0.025379,0.0,12707,0.090893,1.0,48642,0.347937,4.0,591,0.004227,0.0,,,,,,,7909,0.056573,0.0,2891,0.020679,0.0,747,0.005343,0.0
14,2.0,1.0,Tolmin,15729,10881,0.6918,10881,10771,110,1.0,693,0.064339,,374,0.034723,,51,0.004735,,40,0.003714,,3182,0.295423,,571,0.053013,,22,0.002043,,298,0.027667,,238,0.022096,,1647,0.152911,,2788,0.258843,,31,0.002878,,,,,,,,568,0.052734,,204,0.01894,,64,0.005942,
15,2.0,2.0,Piran,14566,9012,0.6187,9012,8918,94,1.0,1254,0.140614,,534,0.059879,,60,0.006728,,42,0.00471,,1753,0.196569,,652,0.073111,,23,0.002579,,251,0.028145,,229,0.025678,,476,0.053375,,2915,0.326867,,32,0.003588,,,,,,,,535,0.059991,,122,0.01368,,40,0.004485,
16,2.0,3.0,Izola,12491,8082,0.647,8082,7979,103,1.0,593,0.07432,,505,0.063291,,69,0.008648,,43,0.005389,,1464,0.183482,,568,0.071187,,25,0.003133,,237,0.029703,,203,0.025442,,376,0.047124,,3195,0.400426,,41,0.005138,,,,,,,,438,0.054894,,162,0.020303,,60,0.00752,
17,2.0,4.0,Koper 1,18272,11433,0.6257,11433,11320,113,1.0,785,0.069346,,958,0.084629,,78,0.00689,,61,0.005389,,1746,0.15424,,988,0.087279,,26,0.002297,,303,0.026767,,354,0.031272,,503,0.044435,,4683,0.413693,,38,0.003357,,,,,,,,528,0.046643,,198,0.017491,,71,0.006272,
18,2.0,5.0,Koper 2,25575,17114,0.6692,17114,16954,160,1.0,1146,0.067595,,1323,0.078035,,108,0.00637,,82,0.004837,,3254,0.191931,,996,0.058747,,39,0.0023,,466,0.027486,,490,0.028902,,927,0.054677,,6718,0.396249,,59,0.00348,,,,,,,,814,0.048012,,438,0.025835,,94,0.005544,
19,2.0,6.0,Sežana,22348,14495,0.6486,14493,14310,183,0.9999,1123,0.078477,,668,0.046681,,112,0.007827,,61,0.004263,,2788,0.194829,,968,0.067645,,26,0.001817,,616,0.043047,,383,0.026765,,1001,0.069951,,5210,0.364081,,90,0.006289,,,,,,,,857,0.059888,,336,0.02348,,71,0.004962,
20,2.0,7.0,Ilirska Bistrica,12618,7564,0.5995,7564,7455,109,1.0,364,0.048826,,243,0.032596,,47,0.006304,,40,0.005366,,1974,0.264789,,446,0.059826,,11,0.001476,,205,0.027498,,159,0.021328,,1176,0.157746,,2162,0.290007,,30,0.004024,,,,,,,,365,0.04896,,207,0.027767,,26,0.003488,
21,2.0,8.0,Postojna,18171,12369,0.6807,12368,12196,172,0.9999,768,0.062971,,618,0.050672,,111,0.009101,,44,0.003608,,3102,0.254346,,758,0.062152,,43,0.003526,,403,0.033044,,304,0.024926,,1155,0.094703,,3659,0.300016,,52,0.004264,,,,,,,,832,0.068219,,301,0.02468,,46,0.003772,
22,2.0,9.0,Nova Gorica 1,24934,18003,0.722,18003,17829,174,1.0,1100,0.061697,,594,0.033317,,93,0.005216,,60,0.003365,,4494,0.252061,,792,0.044422,,38,0.002131,,380,0.021314,,389,0.021818,,1674,0.093892,,6563,0.368108,,76,0.004263,,,,,,,,1096,0.061473,,396,0.022211,,84,0.004711,
23,2.0,10.0,Nova Gorica 2,23824,16630,0.698,16630,16477,153,1.0,949,0.057595,,622,0.03775,,131,0.00795,,46,0.002792,,3248,0.197123,,1111,0.067427,,48,0.002913,,370,0.022456,,358,0.021727,,1072,0.06506,,7177,0.435577,,86,0.005219,,,,,,,,870,0.052801,,286,0.017358,,103,0.006251,
24,2.0,11.0,Ajdovščina,20798,15783,0.7589,15771,15592,179,0.9992,1560,0.100051,,402,0.025782,,65,0.004169,,32,0.002052,,4434,0.284377,,639,0.040983,,20,0.001283,,336,0.02155,,441,0.028284,,2700,0.173166,,3572,0.229092,,56,0.003592,,,,,,,,1006,0.06452,,241,0.015457,,88,0.005644,
25,3.0,,,221724,161568,0.7287,161541,160311,1230,0.9998,9969,0.062185,1.0,7423,0.046304,0.0,1061,0.006618,0.0,382,0.002383,0.0,37809,0.235848,3.0,15421,0.096194,1.0,365,0.002277,0.0,6213,0.038756,0.0,5247,0.03273,0.0,13982,0.087218,1.0,46701,0.291315,4.0,768,0.004791,0.0,,,,,,,11713,0.073064,1.0,2389,0.014902,0.0,868,0.005414,0.0
26,3.0,1.0,Logatec,25271,18733,0.7413,18733,18579,154,1.0,1064,0.057269,,877,0.047204,,85,0.004575,,46,0.002476,,5378,0.289467,,887,0.047742,,42,0.002261,,610,0.032833,,440,0.023683,,2310,0.124334,,4762,0.256311,,49,0.002637,,,,,,,,1538,0.082782,,413,0.022229,,78,0.004198,
27,3.0,2.0,Vrhnika,20414,15437,0.7562,15437,15300,137,1.0,852,0.055686,,761,0.049739,,62,0.004052,,41,0.00268,,4040,0.264052,,978,0.063922,,20,0.001307,,557,0.036405,,481,0.031438,,1383,0.090392,,4633,0.30281,,211,0.013791,,,,,,,,918,0.06,,278,0.01817,,85,0.005556,
28,3.0,3.0,Ljubljana Vič-Rudnik 1,26319,20140,0.7652,20140,19990,150,1.0,1135,0.056778,,1038,0.051926,,94,0.004702,,47,0.002351,,5686,0.284442,,1135,0.056778,,30,0.001501,,831,0.041571,,559,0.027964,,2005,0.1003,,5366,0.268434,,69,0.003452,,,,,,,,1522,0.076138,,352,0.017609,,121,0.006053,
29,3.0,4.0,Ljubljana Vič-Rudnik 2,17049,12332,0.7233,12328,12255,73,0.9997,700,0.05712,,603,0.049204,,75,0.00612,,25,0.00204,,2523,0.205875,,1282,0.10461,,26,0.002122,,500,0.0408,,404,0.032966,,986,0.080457,,3913,0.319298,,47,0.003835,,,,,,,,991,0.080865,,132,0.010771,,48,0.003917,
30,3.0,5.0,Ljubljana Vič-Rudnik 3,16495,12115,0.7345,12114,12033,81,0.9999,839,0.069725,,516,0.042882,,108,0.008975,,41,0.003407,,2263,0.188066,,1472,0.12233,,37,0.003075,,550,0.045708,,430,0.035735,,736,0.061165,,3949,0.328181,,50,0.004155,,,,,,,,847,0.07039,,128,0.010637,,67,0.005568,
31,3.0,6.0,Ljubljana Vič-Rudnik 4,22131,16762,0.7574,16760,16632,128,0.9999,901,0.054173,,679,0.040825,,106,0.006373,,27,0.001623,,4969,0.298761,,1349,0.081109,,37,0.002225,,620,0.037278,,510,0.030664,,1495,0.089887,,4135,0.248617,,65,0.003908,,,,,,,,1415,0.085077,,241,0.01449,,83,0.00499,
32,3.0,7.0,Ljubljana Center,22185,13408,0.6044,13405,13303,102,0.9998,883,0.066376,,429,0.032248,,190,0.014282,,20,0.001503,,2218,0.166729,,2616,0.196647,,27,0.00203,,466,0.03503,,521,0.039164,,809,0.060813,,4017,0.301962,,46,0.003458,,,,,,,,867,0.065173,,96,0.007216,,98,0.007367,
33,3.0,8.0,Ljubljana Šiška 1,13880,9628,0.6937,9627,9556,71,0.9999,642,0.067183,,458,0.047928,,98,0.010255,,28,0.00293,,1500,0.156969,,1580,0.165341,,24,0.002512,,391,0.040917,,436,0.045626,,523,0.05473,,3111,0.325555,,43,0.0045,,,,,,,,574,0.060067,,102,0.010674,,46,0.004814,
34,3.0,9.0,Ljubljana Šiška 2,18162,13025,0.7172,13013,12915,98,0.9991,1070,0.082849,,582,0.045064,,98,0.007588,,31,0.0024,,2279,0.176461,,1697,0.131398,,42,0.003252,,520,0.040263,,477,0.036934,,761,0.058924,,4193,0.324661,,44,0.003407,,,,,,,,898,0.069532,,152,0.011769,,71,0.005497,
35,3.0,10.0,Ljubljana Šiška 3,16753,12141,0.7247,12138,12041,97,0.9998,783,0.065028,,584,0.048501,,63,0.005232,,24,0.001993,,2437,0.202392,,1262,0.104809,,34,0.002824,,460,0.038203,,475,0.039449,,936,0.077734,,3876,0.3219,,47,0.003903,,,,,,,,842,0.069928,,156,0.012956,,62,0.005149,
36,3.0,11.0,Ljubljana Šiška 4,23065,17847,0.7738,17846,17707,139,0.9999,1100,0.062122,,896,0.050601,,82,0.004631,,52,0.002937,,4516,0.25504,,1163,0.06568,,46,0.002598,,708,0.039984,,514,0.029028,,2038,0.115096,,4746,0.26803,,97,0.005478,,,,,,,,1301,0.073474,,339,0.019145,,109,0.006156,
37,4.0,,,210022,149963,0.714,149948,148686,1262,0.9999,8723,0.058667,0.0,7822,0.052608,1.0,811,0.005454,0.0,432,0.002905,0.0,38481,0.258807,3.0,10475,0.07045,1.0,398,0.002677,0.0,6719,0.045189,0.0,4457,0.029976,0.0,12822,0.086235,1.0,43398,0.291877,4.0,435,0.002926,0.0,250.0,0.001681,0.0,,,,10011,0.06733,1.0,2778,0.018684,0.0,674,0.004533,0.0
38,4.0,1.0,Kočevje,14084,8873,0.63,8870,8782,88,0.9997,754,0.085857,,486,0.05534,,36,0.004099,,22,0.002505,,1980,0.225461,,310,0.035299,,48,0.005466,,1481,0.16864,,118,0.013437,,477,0.054316,,2392,0.272375,,13,0.00148,,116.0,0.013209,,,,,363,0.041335,,156,0.017764,,30,0.003416,
39,4.0,2.0,Ribnica-Dobrepolje,14624,10571,0.7229,10569,10467,102,0.9998,360,0.034394,,379,0.036209,,28,0.002675,,26,0.002484,,4295,0.410337,,316,0.03019,,15,0.001433,,547,0.052259,,162,0.015477,,1488,0.142161,,1641,0.156778,,36,0.003439,,16.0,0.001529,,,,,912,0.087131,,215,0.020541,,31,0.002962,
40,4.0,3.0,Grosuplje,16349,12291,0.7518,12288,12198,90,0.9998,566,0.046401,,553,0.045335,,51,0.004181,,25,0.00205,,4638,0.380226,,590,0.048369,,21,0.001722,,415,0.034022,,304,0.024922,,1156,0.09477,,2714,0.222495,,33,0.002705,,10.0,0.00082,,,,,864,0.070831,,193,0.015822,,65,0.005329,
41,4.0,4.0,Ivančna Gorica,13429,10440,0.7774,10440,10359,81,1.0,568,0.054832,,438,0.042282,,36,0.003475,,26,0.00251,,4585,0.44261,,323,0.031181,,50,0.004827,,291,0.028092,,234,0.022589,,1015,0.097982,,1876,0.181099,,27,0.002606,,6.0,0.000579,,,,,658,0.06352,,193,0.018631,,33,0.003186,
42,4.0,5.0,Ljubljana Moste-Polje 1,23424,16774,0.7161,16773,16627,146,0.9999,905,0.05443,,1048,0.06303,,69,0.00415,,47,0.002827,,4223,0.253984,,1111,0.066819,,39,0.002346,,585,0.035184,,525,0.031575,,1359,0.081735,,5215,0.313646,,40,0.002406,,15.0,0.000902,,,,,1042,0.062669,,300,0.018043,,104,0.006255,
43,4.0,6.0,Ljubljana Moste-Polje 2,14854,9582,0.6451,9581,9463,118,0.9999,685,0.072387,,724,0.076509,,91,0.009616,,42,0.004438,,1435,0.151643,,945,0.099863,,30,0.00317,,318,0.033605,,361,0.038149,,460,0.04861,,3662,0.386981,,25,0.002642,,14.0,0.001479,,,,,477,0.050407,,154,0.016274,,40,0.004227,
44,4.0,7.0,Ljubljana Moste-Polje 3,20004,13331,0.6664,13331,13196,135,1.0,783,0.059336,,840,0.063656,,112,0.008487,,54,0.004092,,2551,0.193316,,1307,0.099045,,52,0.003941,,448,0.03395,,489,0.037057,,768,0.058199,,4617,0.349879,,47,0.003562,,20.0,0.001516,,,,,833,0.063125,,209,0.015838,,66,0.005002,
45,4.0,8.0,Ljubljana Bežigrad 1,23581,17413,0.7384,17409,17278,131,0.9998,1087,0.062912,,833,0.048212,,97,0.005614,,32,0.001852,,3496,0.202338,,1655,0.095787,,28,0.001621,,664,0.03843,,565,0.032701,,1412,0.081722,,5798,0.335571,,47,0.00272,,12.0,0.000695,,,,,1223,0.070784,,245,0.01418,,84,0.004862,
46,4.0,9.0,Ljubljana Bežigrad 2,21617,14312,0.6621,14312,14210,102,1.0,909,0.063969,,686,0.048276,,142,0.009993,,40,0.002815,,2321,0.163336,,2100,0.147783,,39,0.002745,,589,0.04145,,585,0.041168,,806,0.056721,,4800,0.33779,,48,0.003378,,11.0,0.000774,,,,,867,0.061013,,207,0.014567,,60,0.004222,
47,4.0,10.0,Domžale 1,25055,19000,0.7583,18999,18832,167,0.9999,1066,0.056606,,927,0.049225,,72,0.003823,,63,0.003345,,5052,0.268267,,838,0.044499,,43,0.002283,,669,0.035525,,553,0.029365,,2282,0.121177,,5080,0.269754,,55,0.002921,,14.0,0.000743,,,,,1519,0.080661,,532,0.02825,,67,0.003558,
48,4.0,11.0,Domžale 2,23001,17376,0.7554,17376,17274,102,1.0,1040,0.060206,,908,0.052565,,77,0.004458,,55,0.003184,,3905,0.226062,,980,0.056733,,33,0.00191,,712,0.041218,,561,0.032477,,1599,0.092567,,5603,0.32436,,64,0.003705,,16.0,0.000926,,,,,1253,0.072537,,374,0.021651,,94,0.005442,
49,5.0,,,210608,151457,0.7191,151450,150074,1376,1.0,11429,0.076156,1.0,7710,0.051375,1.0,456,0.003039,0.0,464,0.003092,0.0,46925,0.312679,4.0,6229,0.041506,0.0,261,0.001739,0.0,3376,0.022496,0.0,2828,0.018844,0.0,15552,0.103629,1.0,39627,0.26405,3.0,651,0.004338,0.0,,,,164.0,0.001093,0.0,10220,0.0681,1.0,3759,0.025048,0.0,423,0.002819,0.0
50,5.0,1.0,Šentjur,17130,12613,0.7363,12613,12511,102,1.0,832,0.066501,,613,0.048997,,27,0.002158,,22,0.001758,,5263,0.42067,,355,0.028375,,20,0.001599,,351,0.028055,,190,0.015187,,1204,0.096235,,2465,0.197027,,55,0.004396,,,,,5.0,0.0004,,756,0.060427,,317,0.025338,,36,0.002877,
51,5.0,2.0,Celje 1,29519,21242,0.7196,21240,21045,195,0.9999,1331,0.063245,,1233,0.058589,,56,0.002661,,96,0.004562,,7047,0.334854,,833,0.039582,,43,0.002043,,554,0.026325,,429,0.020385,,1887,0.089665,,5175,0.245902,,47,0.002233,,,,,17.0,0.000808,,1483,0.070468,,745,0.0354,,69,0.003279,
52,5.0,3.0,Celje 2,21240,14084,0.6631,14084,13976,108,1.0,1056,0.075558,,830,0.059388,,81,0.005796,,69,0.004937,,3562,0.254865,,981,0.070192,,28,0.002003,,359,0.025687,,373,0.026689,,806,0.05767,,4345,0.31089,,61,0.004365,,,,,21.0,0.001503,,936,0.066972,,417,0.029837,,51,0.003649,
53,5.0,4.0,Žalec 1,18306,13521,0.7386,13521,13383,138,1.0,1393,0.104087,,634,0.047374,,42,0.003138,,35,0.002615,,4235,0.316446,,480,0.035866,,34,0.002541,,296,0.022118,,287,0.021445,,1383,0.10334,,3164,0.236419,,47,0.003512,,,,,6.0,0.000448,,941,0.070313,,358,0.02675,,48,0.003587,
54,5.0,5.0,Žalec 2,18918,14316,0.7567,14315,14175,140,0.9999,1194,0.084233,,645,0.045503,,36,0.00254,,30,0.002116,,3406,0.240282,,517,0.036473,,16,0.001129,,307,0.021658,,270,0.019048,,3140,0.221517,,3416,0.240988,,56,0.003951,,,,,9.0,0.000635,,850,0.059965,,240,0.016931,,43,0.003034,
55,5.0,6.0,Mozirje,13537,10289,0.7601,10289,10234,55,1.0,349,0.034102,,494,0.04827,,19,0.001857,,19,0.001857,,3704,0.361931,,551,0.05384,,23,0.002247,,163,0.015927,,131,0.0128,,1895,0.185167,,1906,0.186242,,25,0.002443,,,,,6.0,0.000586,,690,0.067422,,218,0.021302,,41,0.004006,
56,5.0,7.0,Velenje 1,16034,10821,0.6749,10821,10711,110,1.0,1376,0.128466,,618,0.057698,,37,0.003454,,37,0.003454,,3035,0.283354,,484,0.045187,,22,0.002054,,234,0.021847,,195,0.018206,,664,0.061992,,3009,0.280926,,86,0.008029,,,,,27.0,0.002521,,653,0.060965,,210,0.019606,,24,0.002241,
57,5.0,8.0,Velenje 2,17200,12335,0.7172,12333,12230,103,0.9998,1026,0.083892,,599,0.048978,,35,0.002862,,35,0.002862,,4357,0.356255,,433,0.035405,,24,0.001962,,336,0.027473,,202,0.016517,,981,0.080213,,2772,0.226656,,65,0.005315,,,,,38.0,0.003107,,878,0.071791,,424,0.034669,,25,0.002044,
58,5.0,9.0,Slovenj Gradec,17967,13583,0.756,13582,13473,109,0.9999,861,0.063906,,655,0.048616,,42,0.003117,,33,0.002449,,3743,0.277815,,536,0.039783,,17,0.001262,,300,0.022267,,262,0.019446,,1124,0.083426,,4562,0.338603,,101,0.007496,,,,,7.0,0.00052,,888,0.06591,,312,0.023157,,30,0.002227,
59,5.0,10.0,Ravne na Koroškem,20468,14418,0.7044,14418,14271,147,1.0,1329,0.093126,,570,0.039941,,50,0.003504,,34,0.002382,,4101,0.287366,,640,0.044846,,18,0.001261,,212,0.014855,,242,0.016957,,1515,0.106159,,4628,0.324294,,64,0.004485,,,,,12.0,0.000841,,579,0.040572,,245,0.017168,,32,0.002242,
60,5.0,11.0,Radlje,20289,14235,0.7016,14234,14065,169,0.9999,682,0.048489,,819,0.05823,,31,0.002204,,54,0.003839,,4472,0.317952,,419,0.02979,,16,0.001138,,264,0.01877,,247,0.017561,,953,0.067757,,4185,0.297547,,44,0.003128,,,,,16.0,0.001138,,1566,0.11134,,273,0.01941,,24,0.001706,
61,6.0,,,217947,151709,0.6961,151701,150120,1581,0.9999,12234,0.081495,1.0,7118,0.047415,0.0,680,0.00453,0.0,530,0.003531,0.0,44126,0.293938,4.0,6002,0.039981,0.0,493,0.003284,0.0,4529,0.030169,0.0,2697,0.017966,0.0,15379,0.102445,1.0,41681,0.277651,5.0,713,0.00475,0.0,,,,,,,9213,0.061371,0.0,4174,0.027804,0.0,551,0.00367,0.0
62,6.0,1.0,Črnomelj,22742,14508,0.6379,14508,14349,159,1.0,1511,0.105304,,661,0.046066,,89,0.006203,,50,0.003485,,3989,0.277998,,489,0.034079,,38,0.002648,,517,0.03603,,207,0.014426,,1306,0.091017,,4269,0.297512,,66,0.0046,,,,,,,,706,0.049202,,378,0.026343,,73,0.005087,
63,6.0,2.0,Novo mesto 1,24536,18405,0.7501,18404,18198,206,0.9999,1095,0.060171,,824,0.04528,,60,0.003297,,50,0.002748,,7049,0.38735,,443,0.024343,,47,0.002583,,591,0.032476,,288,0.015826,,2051,0.112705,,3575,0.19645,,91,0.005001,,,,,,,,1378,0.075723,,602,0.033081,,54,0.002967,
64,6.0,3.0,Novo mesto 2,25936,18476,0.7124,18474,18329,145,0.9999,1255,0.068471,,790,0.043101,,94,0.005128,,64,0.003492,,4818,0.262862,,887,0.048393,,76,0.004146,,753,0.041082,,403,0.021987,,1720,0.09384,,5530,0.301708,,96,0.005238,,,,,,,,1329,0.072508,,454,0.024769,,60,0.003274,
65,6.0,4.0,Trebnje,17281,12855,0.7439,12855,12733,122,1.0,807,0.063379,,596,0.046808,,41,0.00322,,44,0.003456,,4625,0.363229,,338,0.026545,,31,0.002435,,338,0.026545,,200,0.015707,,1648,0.129427,,2625,0.206157,,35,0.002749,,,,,,,,1004,0.07885,,348,0.027331,,53,0.004162,
66,6.0,5.0,Brežice,21150,13265,0.6272,13263,13112,151,0.9998,805,0.061394,,572,0.043624,,47,0.003585,,71,0.005415,,3728,0.28432,,669,0.051022,,82,0.006254,,372,0.028371,,244,0.018609,,775,0.059106,,4304,0.328249,,33,0.002517,,,,,,,,938,0.071538,,418,0.031879,,54,0.004118,
67,6.0,6.0,Krško,23174,15744,0.6794,15741,15601,140,0.9998,897,0.057496,,764,0.048971,,56,0.00359,,40,0.002564,,4914,0.31498,,588,0.03769,,58,0.003718,,493,0.031601,,234,0.014999,,1649,0.105698,,4166,0.267034,,202,0.012948,,,,,,,,962,0.061663,,542,0.034741,,36,0.002308,
68,6.0,7.0,Sevnica,17002,12011,0.7064,12011,11850,161,1.0,752,0.06346,,529,0.044641,,38,0.003207,,40,0.003376,,4245,0.358228,,266,0.022447,,28,0.002363,,274,0.023122,,161,0.013586,,1872,0.157975,,2640,0.222785,,30,0.002532,,,,,,,,607,0.051224,,319,0.02692,,49,0.004135,
69,6.0,8.0,Laško,14560,10232,0.7027,10232,10085,147,1.0,2055,0.203768,,528,0.052355,,67,0.006644,,18,0.001785,,2888,0.286366,,317,0.031433,,24,0.00238,,212,0.021021,,198,0.019633,,1139,0.11294,,1786,0.177095,,16,0.001587,,,,,,,,519,0.051463,,296,0.029351,,22,0.002181,
70,6.0,9.0,Litija,17299,12746,0.7368,12746,12617,129,1.0,573,0.045415,,572,0.045336,,58,0.004597,,24,0.001902,,3630,0.287707,,499,0.03955,,29,0.002298,,418,0.03313,,298,0.023619,,1672,0.13252,,3698,0.293097,,27,0.00214,,,,,,,,764,0.060553,,281,0.022272,,74,0.005865,
71,6.0,10.0,Hrastnik-Trbovlje,20676,13631,0.6593,13631,13494,137,1.0,1683,0.124722,,800,0.059286,,71,0.005262,,91,0.006744,,2320,0.171928,,772,0.057211,,46,0.003409,,316,0.023418,,275,0.020379,,618,0.045798,,5549,0.41122,,80,0.005929,,,,,,,,494,0.036609,,336,0.0249,,43,0.003187,
72,6.0,11.0,Zagorje,13591,9836,0.7237,9836,9752,84,1.0,801,0.082137,,482,0.049426,,59,0.00605,,38,0.003897,,1920,0.196883,,734,0.075267,,34,0.003486,,245,0.025123,,189,0.019381,,929,0.095263,,3539,0.3629,,37,0.003794,,,,,,,,512,0.052502,,200,0.020509,,33,0.003384,
73,7.0,,,206708,140028,0.6774,140014,138740,1274,0.9999,9432,0.067983,1.0,8130,0.058599,1.0,511,0.003683,0.0,598,0.00431,0.0,42701,0.307777,3.0,6534,0.047095,1.0,347,0.002501,0.0,3244,0.023382,0.0,2885,0.020794,0.0,9830,0.070852,1.0,39370,0.283768,3.0,579,0.004173,0.0,,,,,,,9735,0.070167,1.0,4346,0.031325,0.0,498,0.003589,0.0
74,7.0,1.0,Šmarje pri Jelšah,27885,18612,0.6675,18611,18387,224,0.9999,1053,0.057269,,945,0.051395,,58,0.003154,,69,0.003753,,6537,0.355523,,524,0.028498,,40,0.002175,,366,0.019905,,297,0.016153,,2076,0.112906,,3902,0.212215,,59,0.003209,,,,,,,,1526,0.082993,,881,0.047914,,54,0.002937,
75,7.0,2.0,Slovenska Bistrica,25170,18060,0.7175,18059,17896,163,0.9999,1075,0.060069,,910,0.050849,,51,0.00285,,63,0.00352,,7098,0.396625,,553,0.030901,,59,0.003297,,352,0.019669,,290,0.016205,,1309,0.073145,,4083,0.228152,,138,0.007711,,,,,,,,1092,0.061019,,758,0.042356,,65,0.003632,
76,7.0,3.0,Slovenske Konjice,19000,14281,0.7516,14281,14148,133,1.0,1215,0.085878,,512,0.036189,,37,0.002615,,63,0.004453,,5722,0.404439,,334,0.023608,,27,0.001908,,263,0.018589,,232,0.016398,,1358,0.095985,,2931,0.207167,,59,0.00417,,,,,,,,908,0.064179,,448,0.031665,,39,0.002757,
77,7.0,4.0,Ruše,12516,8638,0.6902,8638,8573,65,1.0,681,0.079435,,613,0.071504,,25,0.002916,,33,0.003849,,2217,0.258603,,516,0.060189,,48,0.005599,,210,0.024496,,182,0.021229,,470,0.054823,,2674,0.311909,,17,0.001983,,,,,,,,625,0.072903,,232,0.027062,,30,0.003499,
78,7.0,5.0,Maribor 1,23702,16700,0.7046,16698,16561,137,0.9999,1034,0.062436,,1052,0.063523,,46,0.002778,,58,0.003502,,4618,0.278848,,835,0.05042,,31,0.001872,,412,0.024878,,357,0.021557,,1241,0.074935,,5069,0.306081,,60,0.003623,,,,,,,,1265,0.076384,,416,0.025119,,67,0.004046,
79,7.0,6.0,Maribor 2,21160,14728,0.696,14726,14626,100,0.9999,1010,0.069055,,1077,0.073636,,59,0.004034,,39,0.002666,,4086,0.279366,,607,0.041501,,31,0.00212,,331,0.022631,,307,0.02099,,925,0.063244,,4487,0.306782,,81,0.005538,,,,,,,,1099,0.07514,,444,0.030357,,43,0.00294,
80,7.0,7.0,Maribor 3,17407,11745,0.6747,11744,11635,109,0.9999,620,0.053287,,896,0.077009,,37,0.00318,,63,0.005415,,4044,0.347572,,444,0.038161,,14,0.001203,,273,0.023464,,257,0.022089,,696,0.05982,,3152,0.270907,,31,0.002664,,,,,,,,776,0.066695,,294,0.025269,,38,0.003266,
81,7.0,8.0,Maribor 4,13841,8256,0.5965,8255,8196,59,0.9999,670,0.081747,,372,0.045388,,45,0.00549,,49,0.005979,,1730,0.211079,,853,0.104075,,31,0.003782,,238,0.029039,,215,0.026232,,372,0.045388,,2830,0.34529,,21,0.002562,,,,,,,,579,0.070644,,157,0.019156,,34,0.004148,
82,7.0,9.0,Maribor 5,16994,10411,0.6126,10409,10309,100,0.9998,694,0.06732,,643,0.062373,,53,0.005141,,61,0.005917,,2415,0.234261,,684,0.06635,,26,0.002522,,292,0.028325,,276,0.026773,,514,0.049859,,3552,0.344553,,44,0.004268,,,,,,,,736,0.071394,,268,0.025997,,51,0.004947,
83,7.0,10.0,Maribor 6,15745,10641,0.6758,10637,10535,102,0.9996,870,0.082582,,619,0.058757,,40,0.003797,,48,0.004556,,2410,0.228761,,654,0.062079,,14,0.001329,,293,0.027812,,266,0.025249,,543,0.051542,,3811,0.361747,,44,0.004177,,,,,,,,669,0.063503,,205,0.019459,,49,0.004651,
84,7.0,11.0,Maribor 7,13288,7956,0.5987,7956,7874,82,1.0,510,0.06477,,491,0.062357,,60,0.00762,,52,0.006604,,1824,0.231648,,530,0.06731,,26,0.003302,,214,0.027178,,206,0.026162,,326,0.041402,,2879,0.365634,,25,0.003175,,,,,,,,460,0.05842,,243,0.030861,,28,0.003556,
85,8.0,,,209919,137991,0.6574,137978,136803,1175,0.9999,8679,0.063442,1.0,9027,0.065985,1.0,388,0.002836,0.0,530,0.003874,0.0,44735,0.327003,4.0,4283,0.031308,0.0,366,0.002675,0.0,2645,0.019334,0.0,2125,0.015533,0.0,11789,0.086175,1.0,38059,0.278203,3.0,946,0.006915,0.0,,,,,,,9819,0.071775,1.0,3078,0.0225,0.0,334,0.002441,0.0
86,8.0,1.0,Lendava,21175,12056,0.5694,12053,11934,119,0.9998,501,0.041981,,607,0.050863,,37,0.0031,,47,0.003938,,3777,0.316491,,376,0.031507,,38,0.003184,,179,0.014999,,203,0.01701,,1182,0.099045,,3886,0.325624,,28,0.002346,,,,,,,,885,0.074158,,169,0.014161,,19,0.001592,
87,8.0,2.0,Ormož,14064,9569,0.6804,9569,9492,77,1.0,353,0.037189,,476,0.050147,,14,0.001475,,31,0.003266,,3685,0.388222,,188,0.019806,,17,0.001791,,183,0.019279,,118,0.012432,,676,0.071218,,2386,0.25137,,35,0.003687,,,,,,,,905,0.095343,,392,0.041298,,33,0.003477,
88,8.0,3.0,Ljutomer,15077,9788,0.6492,9788,9713,75,1.0,487,0.050139,,646,0.066509,,40,0.004118,,51,0.005251,,2960,0.304746,,331,0.034078,,58,0.005971,,189,0.019458,,135,0.013899,,693,0.071348,,3025,0.311438,,86,0.008854,,,,,,,,763,0.078555,,220,0.02265,,29,0.002986,
89,8.0,4.0,Murska Sobota 1,24297,15291,0.6293,15290,15152,138,0.9999,2069,0.13655,,921,0.060784,,30,0.00198,,66,0.004356,,3988,0.2632,,420,0.027719,,59,0.003894,,315,0.020789,,193,0.012738,,1023,0.067516,,4695,0.30986,,48,0.003168,,,,,,,,948,0.062566,,326,0.021515,,51,0.003366,
90,8.0,5.0,Murska Sobota 2,24750,16288,0.6581,16287,16164,123,0.9999,1592,0.09849,,860,0.053205,,56,0.003464,,55,0.003403,,4345,0.268807,,670,0.04145,,37,0.002289,,281,0.017384,,285,0.017632,,1150,0.071146,,5456,0.33754,,37,0.002289,,,,,,,,1029,0.06366,,266,0.016456,,45,0.002784,
91,8.0,6.0,Gornja Radgona,17770,11712,0.6591,11712,11611,101,1.0,724,0.062355,,1042,0.089742,,42,0.003617,,57,0.004909,,3390,0.291965,,440,0.037895,,34,0.002928,,219,0.018861,,164,0.014125,,870,0.074929,,3331,0.286883,,176,0.015158,,,,,,,,828,0.071312,,263,0.022651,,31,0.00267,
92,8.0,7.0,Lenart,16699,11456,0.686,11454,11354,100,0.9998,437,0.038489,,890,0.078386,,19,0.001673,,26,0.00229,,4278,0.376784,,321,0.028272,,24,0.002114,,197,0.017351,,190,0.016734,,1360,0.119782,,2530,0.222829,,45,0.003963,,,,,,,,784,0.069051,,233,0.020521,,20,0.001761,
93,8.0,8.0,Pesnica,18126,11910,0.6571,11910,11833,77,1.0,577,0.048762,,944,0.079777,,39,0.003296,,56,0.004733,,4260,0.36001,,353,0.029832,,29,0.002451,,190,0.016057,,222,0.018761,,752,0.063551,,3396,0.286994,,28,0.002366,,,,,,,,682,0.057635,,276,0.023325,,29,0.002451,
94,8.0,9.0,Ptuj 1,21431,15322,0.7149,15318,15186,132,0.9997,669,0.044054,,1224,0.080601,,39,0.002568,,54,0.003556,,5608,0.369288,,350,0.023048,,24,0.00158,,313,0.020611,,217,0.014289,,1575,0.103714,,3298,0.217174,,200,0.01317,,,,,,,,1216,0.080074,,370,0.024365,,29,0.00191,
95,8.0,10.0,Ptuj 2,16947,11350,0.6697,11350,11252,98,1.0,672,0.059723,,620,0.055101,,42,0.003733,,35,0.003111,,3414,0.303413,,536,0.047636,,24,0.002133,,362,0.032172,,220,0.019552,,975,0.086651,,3049,0.270974,,199,0.017686,,,,,,,,857,0.076164,,223,0.019819,,24,0.002133,
96,8.0,11.0,Ptuj 3,19583,13249,0.6766,13247,13112,135,0.9998,598,0.045607,,797,0.060784,,30,0.002288,,52,0.003966,,5030,0.383618,,298,0.022727,,22,0.001678,,217,0.01655,,178,0.013575,,1533,0.116916,,3007,0.229332,,64,0.004881,,,,,,,,922,0.070317,,340,0.02593,,24,0.00183,
